Kiran BaglaL2021,L2021,Kiran Bagla
Cash W DusinaML2021,ML2021,Cash W Dusina
Henry M WeeksML2021,ML2021,Henry M Weeks
Logan D LaRosaL2021,L2021,Logan D LaRosa
Nathan W LeeML2021,ML2021,Nathan W Lee
Henry R SingletonL2021,L2021,Henry R Singleton
Billy D CostelloML2021,ML2021,Billy D Costello
Landon A MillerL2021,L2021,Landon A Miller
Jack L SingletonL2021,L2021,Jack L Singleton
Matthew GillespieL2021,L2021,Matthew Gillespie
Jackson T HardyML2021,ML2021,Jackson T Hardy
Nicolas V LiML2021,ML2021,Nicolas V Li
Henry R WilliamsML2021,ML2021,Henry R Williams
Brandon M BedestaniML2021,ML2021,Brandon M Bedestani
Henry A RossmanL2021,L2021,Henry A Rossman
Zachary SpillerL2021,L2021,Zachary Spiller
Tobias Lee-TruesdellL2021,L2021,Tobias Lee-Truesdell
Kian A KhonsariML2021,ML2021,Kian A Khonsari
Jackson L PopovichML2021,ML2021,Jackson L Popovich
Daniel WuL2021,L2021,Daniel Wu
Wilson ButtzL2021,L2021,Wilson Buttz
Kevin J CampbellML2021,ML2021,Kevin J Campbell
Ethan N RamchandL2021,L2021,Ethan N Ramchand
Ryan DixL2021,L2021,Ryan Dix
Joseph R HorsfieldML2021,ML2021,Joseph R Horsfield
Ellison J SoobertML2021,ML2021,Ellison J Soobert
Cole P PopovichML2021,ML2021,Cole P Popovich
Christopher BunnL2021,L2021,Christopher Bunn
Dillon ProxmireL2021,L2021,Dillon Proxmire
Janni (Ian) W WeeksML2021,ML2021,Janni (Ian) W Weeks
Peter BattenL2021,L2021,Peter Batten
Zachary C JeannotML2021,ML2021,Zachary C Jeannot
Daniel KimL2021,L2021,Daniel Kim
Felix YuL2021,L2021,Felix Yu
Cordrey C RobergeL2021,L2021,Cordrey C Roberge
George M WilliamsML2021,ML2021,George M Williams
Berk D DilberML2021,ML2021,Berk D Dilber
Gabriel M JemioL2021,L2021,Gabriel M Jemio
Luca H SanchezL2021,L2021,Luca H Sanchez
Sandro K ThorntonL2021,L2021,Sandro K Thornton
Cayden A FrantzML2021,ML2021,Cayden A Frantz
Evan C PoulosL2021,L2021,Evan C Poulos
Alejandro A WickL2021,L2021,Alejandro A Wick
Landon FrantzML2021,ML2021,Landon Frantz
Declan O'RourkeML2021,ML2021,Declan O'Rourke
Rowan D FrewML2021,ML2021,Rowan D Frew
Atticus T GoreML2021,ML2021,Atticus T Gore
Brady C QuinnL2021,L2021,Brady C Quinn
Dylan F WalshL2021,L2021,Dylan F Walsh
Christian KimL2021,L2021,Christian Kim
Nathaniel Lee-TruesdellL2021,L2021,Nathaniel Lee-Truesdell
Bert C VanegasML2021,ML2021,Bert C Vanegas
Lennox J McDowellML2021,ML2021,Lennox J McDowell
Charles S LanninML2021,ML2021,Charles S Lannin
Brayden BaglaL2021,L2021,Brayden Bagla
Erim C OzcanL2021,L2021,Erim C Ozcan
Niall P DoranML2021,ML2021,Niall P Doran
Jack P FordeML2021,ML2021,Jack P Forde
Daniel CoughlinL2021,L2021,Daniel Coughlin
Ryan M CampbellML2021,ML2021,Ryan M Campbell
Elijah R GoldML2021,ML2021,Elijah R Gold
Collin R TroyL2021,L2021,Collin R Troy
Roberto J WickL2021,L2021,Roberto J Wick
Marcello E FavroL2021,L2021,Marcello E Favro
Peter BattenChristian KimLogan D LaRosaKiran BaglaL2021,L2021,Peter BattenChristian KimLogan D LaRosaKiran Bagla
Cash W DusinaHenry M WeeksZachary C JeannotJanni (Ian) W WeeksML2021,ML2021,Cash W DusinaHenry M WeeksZachary C JeannotJanni (Ian) W Weeks
Luca H SanchezFelix YuEvan C PoulosDaniel CoughlinL2021,L2021,Luca H SanchezFelix YuEvan C PoulosDaniel Coughlin
Henry R WilliamsJanni (Ian) W WeeksJackson L PopovichCole P PopovichML2021,ML2021,Henry R WilliamsJanni (Ian) W WeeksJackson L PopovichCole P Popovich
Felix YuJack L SingletonGabriel M JemioLandon A MillerL2021,L2021,Felix YuJack L SingletonGabriel M JemioLandon A Miller
George M WilliamsBilly D CostelloJackson T HardyNicolas V LiML2021,ML2021,George M WilliamsBilly D CostelloJackson T HardyNicolas V Li
Henry R WilliamsCharles S LanninLennox J McDowellBrandon M BedestaniML2021,ML2021,Henry R WilliamsCharles S LanninLennox J McDowellBrandon M Bedestani
Luca H SanchezSandro K ThorntonZachary SpillerHenry A RossmanL2021,L2021,Luca H SanchezSandro K ThorntonZachary SpillerHenry A Rossman
Kevin J CampbellNiall P DoranKian A KhonsariJackson L PopovichML2021,ML2021,Kevin J CampbellNiall P DoranKian A KhonsariJackson L Popovich
Daniel WuEthan N RamchandErim C OzcanWilson ButtzL2021,L2021,Daniel WuEthan N RamchandErim C OzcanWilson Buttz
Christopher BunnDaniel CoughlinRyan DixEvan C PoulosL2021,L2021,Christopher BunnDaniel CoughlinRyan DixEvan C Poulos
Ellison J SoobertRyan M CampbellJoseph R HorsfieldCole P PopovichML2021,ML2021,Ellison J SoobertRyan M CampbellJoseph R HorsfieldCole P Popovich
Sophia Alexandrova-BaileyL2021,L2021,Sophia Alexandrova-Bailey
Lauren O ThomasML2021,ML2021,Lauren O Thomas
Maria Alexandrova-BaileyL2021,L2021,Maria Alexandrova-Bailey
Caroline S WagerML2021,ML2021,Caroline S Wager
Charlotte GavenmanL2021,L2021,Charlotte Gavenman
Sophie S LiL2021,L2021,Sophie S Li
Carys M CampbellML2021,ML2021,Carys M Campbell
Evelyn VolovarL2021,L2021,Evelyn Volovar
Amiya BaglaL2021,L2021,Amiya Bagla
Laine E WisslerML2021,ML2021,Laine E Wissler
Lexi M DayoubML2021,ML2021,Lexi M Dayoub
Joey E FerrisML2021,ML2021,Joey E Ferris
Virginia StricklandL2021,L2021,Virginia Strickland
Kate E ShumateML2021,ML2021,Kate E Shumate
Jenny S LiL2021,L2021,Jenny S Li
Elisabeth MillerL2021,L2021,Elisabeth Miller
Ridgely E NepplML2021,ML2021,Ridgely E Neppl
Marina WatsonL2021,L2021,Marina Watson
Laila J McDowellML2021,ML2021,Laila J McDowell
Isabella S Lee-TruesdellL2021,L2021,Isabella S Lee-Truesdell
Annie S GaoML2021,ML2021,Annie S Gao
Taylor E BryceML2021,ML2021,Taylor E Bryce
Hazel A CalwayL2021,L2021,Hazel A Calway
Natalia D RongioneML2021,ML2021,Natalia D Rongione
Izzy SchoneL2021,L2021,Izzy Schone
Kira N ThorntonL2021,L2021,Kira N Thornton
Anna L LaszloML2021,ML2021,Anna L Laszlo
Kristin E SargentML2021,ML2021,Kristin E Sargent
Lilly HusseinL2021,L2021,Lilly Hussein
Marina B MillerL2021,L2021,Marina B Miller
Mara I KramerML2021,ML2021,Mara I Kramer
Brooke T HodgeL2021,L2021,Brooke T Hodge
Lyla R HinesML2021,ML2021,Lyla R Hines
Christina S LeeML2021,ML2021,Christina S Lee
Mackenzie J HodgeL2021,L2021,Mackenzie J Hodge
Divya I PaiL2021,L2021,Divya I Pai
Evelyn L CunninghamL2021,L2021,Evelyn L Cunningham
Graycen M FrantzML2021,ML2021,Graycen M Frantz
Christy S LiL2021,L2021,Christy S Li
Grace S YuanL2021,L2021,Grace S Yuan
Isabelle T VanegasML2021,ML2021,Isabelle T Vanegas
Casey M TasberL2021,L2021,Casey M Tasber
Laila H KhonsariML2021,ML2021,Laila H Khonsari
Tessa JonesL2021,L2021,Tessa Jones
Maria Cristina RestrepoML2021,ML2021,Maria Cristina Restrepo
Paige A PoulosL2021,L2021,Paige A Poulos
Chloe H KowalczykL2021,L2021,Chloe H Kowalczyk
Mailys GenettiML2021,ML2021,Mailys Genetti
Victoria ValkoML2021,ML2021,Victoria Valko
Kate WalterL2021,L2021,Kate Walter
Cassandra K GoreML2021,ML2021,Cassandra K Gore
Everly R JohnstonML2021,ML2021,Everly R Johnston
Helena SwaakL2021,L2021,Helena Swaak
Cora Renee I PopovichML2021,ML2021,Cora Renee I Popovich
Cameron G McDowellML2021,ML2021,Cameron G McDowell
Tessa N DusinaML2021,ML2021,Tessa N Dusina
Natalie E ShirzadiML2021,ML2021,Natalie E Shirzadi
Eloise J LaMonicaML2021,ML2021,Eloise J LaMonica
Aubree J LasonML2021,ML2021,Aubree J Lason
Emily A HimesML2021,ML2021,Emily A Himes
Liliana SchoneL2021,L2021,Liliana Schone
Reagan E CostelloML2021,ML2021,Reagan E Costello
Mey E DayoubML2021,ML2021,Mey E Dayoub
Natalie A ThomasML2021,ML2021,Natalie A Thomas
Camden G LanninML2021,ML2021,Camden G Lannin
Charlotte GavenmanMaria Alexandrova-BaileySophia Alexandrova-BaileyMarina B MillerL2021,L2021,Charlotte GavenmanMaria Alexandrova-BaileySophia Alexandrova-BaileyMarina B Miller
Lauren O ThomasCaroline S WagerCora Renee I PopovichReagan E CostelloML2021,ML2021,Lauren O ThomasCaroline S WagerCora Renee I PopovichReagan E Costello
Joey E FerrisChristina S LeeLaila J McDowellVictoria ValkoML2021,ML2021,Joey E FerrisChristina S LeeLaila J McDowellVictoria Valko
Virginia StricklandSophie S LiMarina WatsonLiliana SchoneL2021,L2021,Virginia StricklandSophie S LiMarina WatsonLiliana Schone
Mackenzie J HodgeSophie S LiDivya I PaiEvelyn VolovarL2021,L2021,Mackenzie J HodgeSophie S LiDivya I PaiEvelyn Volovar
Christina S LeeCarys M CampbellLexi M DayoubLaine E WisslerML2021,ML2021,Christina S LeeCarys M CampbellLexi M DayoubLaine E Wissler
Grace S YuanVirginia StricklandElisabeth MillerJenny S LiL2021,L2021,Grace S YuanVirginia StricklandElisabeth MillerJenny S Li
Kate E ShumateIsabelle T VanegasJoey E FerrisAubree J LasonML2021,ML2021,Kate E ShumateIsabelle T VanegasJoey E FerrisAubree J Lason
Tessa JonesPaige A PoulosMarina WatsonIsabella S Lee-TruesdellL2021,L2021,Tessa JonesPaige A PoulosMarina WatsonIsabella S Lee-Truesdell
Maria Cristina RestrepoLaila J McDowellAnnie S GaoTaylor E BryceML2021,ML2021,Maria Cristina RestrepoLaila J McDowellAnnie S GaoTaylor E Bryce
Izzy SchoneLiliana SchoneKate WalterKira N ThorntonL2021,L2021,Izzy SchoneLiliana SchoneKate WalterKira N Thornton
Victoria ValkoKristin E SargentAnna L LaszloNatalia D RongioneML2021,ML2021,Victoria ValkoKristin E SargentAnna L LaszloNatalia D Rongione
Bennett M MillerCP2021,CP2021,Bennett M Miller
Henry CooperWC2021,WC2021,Henry Cooper
Patrick ScottWC2021,WC2021,Patrick Scott
Hugh J KeaneyCP2021,CP2021,Hugh J Keaney
Matthew S RyersonCP2021,CP2021,Matthew S Ryerson
Gavin TobinWC2021,WC2021,Gavin Tobin
Gabriel K HamamgianCP2021,CP2021,Gabriel K Hamamgian
Caleb J Cherryholmes-WesleyCP2021,CP2021,Caleb J Cherryholmes-Wesley
John T RyderWC2021,WC2021,John T Ryder
Javier SalazarWC2021,WC2021,Javier Salazar
Liam ScottWC2021,WC2021,Liam Scott
Ellis B FalkofskeCP2021,CP2021,Ellis B Falkofske
Chase C TaylorCP2021,CP2021,Chase C Taylor
Joshua E KimCP2021,CP2021,Joshua E Kim
Leonidas BessetteWC2021,WC2021,Leonidas Bessette
Enrique K UgaldeCP2021,CP2021,Enrique K Ugalde
Noah LeahyWC2021,WC2021,Noah Leahy
Evan L RootWC2021,WC2021,Evan L Root
Paul J MullenCP2021,CP2021,Paul J Mullen
Adam CorleyCP2021,CP2021,Adam Corley
Nathaniel GrannisWC2021,WC2021,Nathaniel Grannis
Timothy WatkinsWC2021,WC2021,Timothy Watkins
Kaeden A SotoCP2021,CP2021,Kaeden A Soto
Nathnael BelayWC2021,WC2021,Nathnael Belay
Zac C LeithCP2021,CP2021,Zac C Leith
John SchaeferWC2021,WC2021,John Schaefer
Nicholas ParkerWC2021,WC2021,Nicholas Parker
Brendan B MullenCP2021,CP2021,Brendan B Mullen
Jacob ParkerWC2021,WC2021,Jacob Parker
Jake A SullivanCP2021,CP2021,Jake A Sullivan
Beauman M MooreCP2021,CP2021,Beauman M Moore
Gavin EubanksWC2021,WC2021,Gavin Eubanks
Ethan M JohnsCP2021,CP2021,Ethan M Johns
Dominic J IaciCP2021,CP2021,Dominic J Iaci
Truman A MooreCP2021,CP2021,Truman A Moore
Kevin MansuyWC2021,WC2021,Kevin Mansuy
Michael PhamWC2021,WC2021,Michael Pham
Seamus McNamaraWC2021,WC2021,Seamus McNamara
Bennett OttoWC2021,WC2021,Bennett Otto
Grant R FrickeCP2021,CP2021,Grant R Fricke
Nicky J BierstineCP2021,CP2021,Nicky J Bierstine
Luca M IaciCP2021,CP2021,Luca M Iaci
Spencer WilfordWC2021,WC2021,Spencer Wilford
Luke GoodsonWC2021,WC2021,Luke Goodson
Frederick G SpeidellCP2021,CP2021,Frederick G Speidell
Scott DurbinWC2021,WC2021,Scott Durbin
Lucian K SotoCP2021,CP2021,Lucian K Soto
Sullivan McNamaraWC2021,WC2021,Sullivan McNamara
Ryan TranWC2021,WC2021,Ryan Tran
Tyson C ThomasWC2021,WC2021,Tyson C Thomas
Connor M CorleyCP2021,CP2021,Connor M Corley
Carter GwaltneyWC2021,WC2021,Carter Gwaltney
Benjamin H FullertonCP2021,CP2021,Benjamin H Fullerton
Jackson SteiderWC2021,WC2021,Jackson Steider
Jeff GerberWC2021,WC2021,Jeff Gerber
Jason P CorleyCP2021,CP2021,Jason P Corley
Alexander SotoWC2021,WC2021,Alexander Soto
Jacob DiepCP2021,CP2021,Jacob Diep
James TuryWC2021,WC2021,James Tury
Patrick ScottGavin EubanksHenry CooperSullivan McNamaraWC2021,WC2021,Patrick ScottGavin EubanksHenry CooperSullivan McNamara
Matthew S RyersonBeauman M MooreVictor M SakranBennett M MillerCP2021,CP2021,Matthew S RyersonBeauman M MooreVictor M SakranBennett M Miller
Chase C TaylorDominic J IaciPaul J MullenZac C LeithCP2021,CP2021,Chase C TaylorDominic J IaciPaul J MullenZac C Leith
Seamus McNamaraMichael PhamJackson SteiderJohn SchaeferWC2021,WC2021,Seamus McNamaraMichael PhamJackson SteiderJohn Schaefer
Truman A MooreDominic J IaciEthan M JohnsGabriel K HamamgianCP2021,CP2021,Truman A MooreDominic J IaciEthan M JohnsGabriel K Hamamgian
Michael PhamRyan TranJohn T RyderJavier SalazarWC2021,WC2021,Michael PhamRyan TranJohn T RyderJavier Salazar
Seamus McNamaraLeonidas BessetteBennett OttoNoah LeahyWC2021,WC2021,Seamus McNamaraLeonidas BessetteBennett OttoNoah Leahy
Enrique K UgaldeConnor M CorleyJoshua E KimChase C TaylorCP2021,CP2021,Enrique K UgaldeConnor M CorleyJoshua E KimChase C Taylor
Nicky J BierstineAdam CorleyPaul J MullenLuca M IaciCP2021,CP2021,Nicky J BierstineAdam CorleyPaul J MullenLuca M Iaci
Spencer WilfordJackson SteiderNathaniel GrannisTimothy WatkinsWC2021,WC2021,Spencer WilfordJackson SteiderNathaniel GrannisTimothy Watkins
John SchaeferJeff GerberNicholas ParkerJacob ParkerWC2021,WC2021,John SchaeferJeff GerberNicholas ParkerJacob Parker
Zac C LeithJason P CorleyFrederick G SpeidellBrendan B MullenCP2021,CP2021,Zac C LeithJason P CorleyFrederick G SpeidellBrendan B Mullen
Julia M KosowskiCP2021,CP2021,Julia M Kosowski
Rose K PetreCP2021,CP2021,Rose K Petre
Nora A BursteinCP2021,CP2021,Nora A Burstein
Kaitlin EbaughWC2021,WC2021,Kaitlin Ebaugh
Ivonne ValleWC2021,WC2021,Ivonne Valle
Elizabeth SalazarWC2021,WC2021,Elizabeth Salazar
Leah EubanksWC2021,WC2021,Leah Eubanks
Heidi C OttoWC2021,WC2021,Heidi C Otto
Amelia R RyderWC2021,WC2021,Amelia R Ryder
Anna K KosowskiCP2021,CP2021,Anna K Kosowski
Emma L WhaleyCP2021,CP2021,Emma L Whaley
Riley G Burgess-CarpenterCP2021,CP2021,Riley G Burgess-Carpenter
Sophie G PowellCP2021,CP2021,Sophie G Powell
Rhesa R HicksCP2021,CP2021,Rhesa R Hicks
Anna RyderWC2021,WC2021,Anna Ryder
Kelsey F DavisCP2021,CP2021,Kelsey F Davis
Alexa MansuyWC2021,WC2021,Alexa Mansuy
Lauren SmithWC2021,WC2021,Lauren Smith
Caitlin M GrossCP2021,CP2021,Caitlin M Gross
Abigail K WhelanCP2021,CP2021,Abigail K Whelan
Lilliana M UgaldeCP2021,CP2021,Lilliana M Ugalde
Bianca MataWC2021,WC2021,Bianca Mata
Millie ManosWC2021,WC2021,Millie Manos
Isabel ConklinWC2021,WC2021,Isabel Conklin
Katherine P HelmsCP2021,CP2021,Katherine P Helms
Jillian FerrariWC2021,WC2021,Jillian Ferrari
Caroline M MullenCP2021,CP2021,Caroline M Mullen
Meghan E MurrayWC2021,WC2021,Meghan E Murray
Maddie C PowellCP2021,CP2021,Maddie C Powell
Paige C MurrayWC2021,WC2021,Paige C Murray
Valentina L DavisCP2021,CP2021,Valentina L Davis
Avery WeitzWC2021,WC2021,Avery Weitz
Alexa G SteiderWC2021,WC2021,Alexa G Steider
Isabella H NaingWC2021,WC2021,Isabella H Naing
Teagan K JohnsCP2021,CP2021,Teagan K Johns
Jacqueline G HullCP2021,CP2021,Jacqueline G Hull
Anna J HelmsCP2021,CP2021,Anna J Helms
Madison EbaughWC2021,WC2021,Madison Ebaugh
Daphne R GiddensWC2021,WC2021,Daphne R Giddens
Hannah DiepCP2021,CP2021,Hannah Diep
Kendall SchottlerWC2021,WC2021,Kendall Schottler
Gabrielle PhamWC2021,WC2021,Gabrielle Pham
Emilee FerrariWC2021,WC2021,Emilee Ferrari
Katarzyna A NelsonCP2021,CP2021,Katarzyna A Nelson
Rose R ChamberlainCP2021,CP2021,Rose R Chamberlain
Victoria SpranceWC2021,WC2021,Victoria Sprance
Cynthia I RozyckiCP2021,CP2021,Cynthia I Rozycki
Emma NaingWC2021,WC2021,Emma Naing
Adeline R VanderbeekCP2021,CP2021,Adeline R Vanderbeek
Carolyn WeitzWC2021,WC2021,Carolyn Weitz
Annabelle EbaughWC2021,WC2021,Annabelle Ebaugh
Alexia KerenWC2021,WC2021,Alexia Keren
Charlotte ConklinWC2021,WC2021,Charlotte Conklin
Eleena M ManserCP2021,CP2021,Eleena M Manser
Nina E WysockiCP2021,CP2021,Nina E Wysocki
Savannah B HarrisCP2021,CP2021,Savannah B Harris
Caitlyn DurbinWC2021,WC2021,Caitlyn Durbin
Kayley G DavisCP2021,CP2021,Kayley G Davis
Maryn FeehsCP2021,CP2021,Maryn Feehs
Katherine CrawfordWC2021,WC2021,Katherine Crawford
Kathleen ModderWC2021,WC2021,Kathleen Modder
Eliana M IaciCP2021,CP2021,Eliana M Iaci
Georgia L GutermuthCP2021,CP2021,Georgia L Gutermuth
Emily C FayWC2021,WC2021,Emily C Fay
Mia G MillerCP2021,CP2021,Mia G Miller
Charlotte A FayWC2021,WC2021,Charlotte A Fay
Rose K PetreAdeline R VanderbeekJulia M KosowskiCynthia I RozyckiCP2021,CP2021,Rose K PetreAdeline R VanderbeekJulia M KosowskiCynthia I Rozycki
Kaitlin EbaughElizabeth SalazarIvonne ValleEmma NaingWC2021,WC2021,Kaitlin EbaughElizabeth SalazarIvonne ValleEmma Naing
Madison EbaughLeah EubanksKendall SchottlerJillian FerrariWC2021,WC2021,Madison EbaughLeah EubanksKendall SchottlerJillian Ferrari
Savannah B HarrisAnna K KosowskiCaitlin M GrossKatherine P HelmsCP2021,CP2021,Savannah B HarrisAnna K KosowskiCaitlin M GrossKatherine P Helms
Anna K KosowskiJacqueline G HullEmma L WhaleyRiley G Burgess-CarpenterCP2021,CP2021,Anna K KosowskiJacqueline G HullEmma L WhaleyRiley G Burgess-Carpenter
Sophie G PowellNina E WysockiSavannah B HarrisAnna J HelmsCP2021,CP2021,Sophie G PowellNina E WysockiSavannah B HarrisAnna J Helms
Alexa MansuyLauren SmithMadison EbaughAnna RyderWC2021,WC2021,Alexa MansuyLauren SmithMadison EbaughAnna Ryder
Hannah DiepAbigail K WhelanMaryn FeehsCaitlin M GrossCP2021,CP2021,Hannah DiepAbigail K WhelanMaryn FeehsCaitlin M Gross
Gabrielle PhamKatherine CrawfordBianca MataKendall SchottlerWC2021,WC2021,Gabrielle PhamKatherine CrawfordBianca MataKendall Schottler
Jillian FerrariPaige C MurrayMeghan E MurrayEmilee FerrariWC2021,WC2021,Jillian FerrariPaige C MurrayMeghan E MurrayEmilee Ferrari
Katarzyna A NelsonMaddie C PowellKatherine P HelmsCaroline M MullenCP2021,CP2021,Katarzyna A NelsonMaddie C PowellKatherine P HelmsCaroline M Mullen
Owen J PribleMVP2021,MVP2021,Owen J Prible
Gray BauerleinMVP2021,MVP2021,Gray Bauerlein
Alejandro W PayanHSC2021,HSC2021,Alejandro W Payan
Stefen J BoydMVP2021,MVP2021,Stefen J Boyd
William PickardHSC2021,HSC2021,William Pickard
Declan GhazalHSC2021,HSC2021,Declan Ghazal
Zaidan GhazalHSC2021,HSC2021,Zaidan Ghazal
Jackson C SaloomMVP2021,MVP2021,Jackson C Saloom
Simon ChangHSC2021,HSC2021,Simon Chang
Jacob A MilitoMVP2021,MVP2021,Jacob A Milito
Boden Y LissendenHSC2021,HSC2021,Boden Y Lissenden
Oliver W AndersonMVP2021,MVP2021,Oliver W Anderson
Bennett SteeleHSC2021,HSC2021,Bennett Steele
Evan Z PribleMVP2021,MVP2021,Evan Z Prible
Galder C MaullHSC2021,HSC2021,Galder C Maull
Rhett J ButlerMVP2021,MVP2021,Rhett J Butler
Luke ChangHSC2021,HSC2021,Luke Chang
Fionn MillerMVP2021,MVP2021,Fionn Miller
Charlie J PalmaHSC2021,HSC2021,Charlie J Palma
Alexander M NorthMVP2021,MVP2021,Alexander M North
Jack P AlzonaMVP2021,MVP2021,Jack P Alzona
George S SchulteMVP2021,MVP2021,George S Schulte
Ryan P TalbotHSC2021,HSC2021,Ryan P Talbot
Robert O KingHSC2021,HSC2021,Robert O King
Johnny G BradshawHSC2021,HSC2021,Johnny G Bradshaw
Clark C BayerMVP2021,MVP2021,Clark C Bayer
Andrew H BakerMVP2021,MVP2021,Andrew H Baker
Donovan R KovalskyMVP2021,MVP2021,Donovan R Kovalsky
Isaac ReavesHSC2021,HSC2021,Isaac Reaves
Jackson FrankelHSC2021,HSC2021,Jackson Frankel
Colin KassHSC2021,HSC2021,Colin Kass
Jacob W BergerMVP2021,MVP2021,Jacob W Berger
James ShernitHSC2021,HSC2021,James Shernit
Lincoln JettonMVP2021,MVP2021,Lincoln Jetton
Isaiah J CollazoHSC2021,HSC2021,Isaiah J Collazo
Andrew E WiggersMVP2021,MVP2021,Andrew E Wiggers
Ryan FlickingerHSC2021,HSC2021,Ryan Flickinger
Noah A LitonjuaMVP2021,MVP2021,Noah A Litonjua
Ty H MillsMVP2021,MVP2021,Ty H Mills
Evan I BhatiaHSC2021,HSC2021,Evan I Bhatia
Joe A MillsMVP2021,MVP2021,Joe A Mills
Lewis LeHSC2021,HSC2021,Lewis Le
Trent McMichaelHSC2021,HSC2021,Trent McMichael
Anthony M BowersHSC2021,HSC2021,Anthony M Bowers
Avery W KuhnHSC2021,HSC2021,Avery W Kuhn
John T FrenchMVP2021,MVP2021,John T French
Arleigh G McQueenMVP2021,MVP2021,Arleigh G McQueen
Nathan T HoffmanHSC2021,HSC2021,Nathan T Hoffman
Taft R WhiteheadMVP2021,MVP2021,Taft R Whitehead
Micah T WegnerHSC2021,HSC2021,Micah T Wegner
William LiHSC2021,HSC2021,William Li
MarcAnthony BoydMVP2021,MVP2021,MarcAnthony Boyd
Anthony J SarroMVP2021,MVP2021,Anthony J Sarro
Aiden ThornsburyHSC2021,HSC2021,Aiden Thornsbury
Matthew J MakinMVP2021,MVP2021,Matthew J Makin
Cameron J KuhnHSC2021,HSC2021,Cameron J Kuhn
Shaan S NagdaMVP2021,MVP2021,Shaan S Nagda
Christopher J DelauneMVP2021,MVP2021,Christopher J Delaune
Austin HollomanHSC2021,HSC2021,Austin Holloman
Ryan B BradshawHSC2021,HSC2021,Ryan B Bradshaw
Jack A KlopsonMVP2021,MVP2021,Jack A Klopson
James M PilandMVP2021,MVP2021,James M Piland
Spencer KeeneMVP2021,MVP2021,Spencer Keene
Samuel FrankelHSC2021,HSC2021,Samuel Frankel
Gavin T MooreMVP2021,MVP2021,Gavin T Moore
Andrei J ZaitsevMVP2021,MVP2021,Andrei J Zaitsev
Gray BauerleinOwen J PribleArleigh G McQueenStefen J BoydMVP2021,MVP2021,Gray BauerleinOwen J PribleArleigh G McQueenStefen J Boyd
William PickardDeclan GhazalAlejandro W PayanColin KassHSC2021,HSC2021,William PickardDeclan GhazalAlejandro W PayanColin Kass
Bennett SteeleZaidan GhazalCharlie J PalmaJohnny G BradshawHSC2021,HSC2021,Bennett SteeleZaidan GhazalCharlie J PalmaJohnny G Bradshaw
Evan Z PribleLincoln JettonAlexander M NorthClark C BayerMVP2021,MVP2021,Evan Z PribleLincoln JettonAlexander M NorthClark C Bayer
Isaiah J CollazoMicah T WegnerZaidan GhazalBoden Y LissendenHSC2021,HSC2021,Isaiah J CollazoMicah T WegnerZaidan GhazalBoden Y Lissenden
Jackson C SaloomLincoln JettonAndrew E WiggersJacob A MilitoMVP2021,MVP2021,Jackson C SaloomLincoln JettonAndrew E WiggersJacob A Milito
Ryan FlickingerBennett SteeleAiden ThornsburyGalder C MaullHSC2021,HSC2021,Ryan FlickingerBennett SteeleAiden ThornsburyGalder C Maull
Rhett J ButlerAnthony J SarroNoah A LitonjuaEvan Z PribleMVP2021,MVP2021,Rhett J ButlerAnthony J SarroNoah A LitonjuaEvan Z Prible
George S SchulteAlexander M NorthMatthew J MakinJack P AlzonaMVP2021,MVP2021,George S SchulteAlexander M NorthMatthew J MakinJack P Alzona
Charlie J PalmaCameron J KuhnRobert O KingAustin HollomanHSC2021,HSC2021,Charlie J PalmaCameron J KuhnRobert O KingAustin Holloman
Avery W KuhnJohnny G BradshawRyan B BradshawTrent McMichaelHSC2021,HSC2021,Avery W KuhnJohnny G BradshawRyan B BradshawTrent McMichael
John T FrenchJack A KlopsonAndrew H BakerClark C BayerMVP2021,MVP2021,John T FrenchJack A KlopsonAndrew H BakerClark C Bayer
Jamie S RothHSC2021,HSC2021,Jamie S Roth
Emily MooreMVP2021,MVP2021,Emily Moore
Elizabeth MillerMVP2021,MVP2021,Elizabeth Miller
Lauren E RudyMVP2021,MVP2021,Lauren E Rudy
Grace L WegnerHSC2021,HSC2021,Grace L Wegner
Ava PayanHSC2021,HSC2021,Ava Payan
Erin KassHSC2021,HSC2021,Erin Kass
Margaret V DriscollMVP2021,MVP2021,Margaret V Driscoll
Kate BarberMVP2021,MVP2021,Kate Barber
Miah E CollazoHSC2021,HSC2021,Miah E Collazo
Audrey FassHSC2021,HSC2021,Audrey Fass
Andrea B MoralesMVP2021,MVP2021,Andrea B Morales
Helen C MilitoMVP2021,MVP2021,Helen C Milito
Karly J WhiteheadMVP2021,MVP2021,Karly J Whitehead
Alexandra K MyersMVP2021,MVP2021,Alexandra K Myers
Avery G MillerHSC2021,HSC2021,Avery G Miller
Vela PascualHSC2021,HSC2021,Vela Pascual
Morgan KassHSC2021,HSC2021,Morgan Kass
Abigail LeachMVP2021,MVP2021,Abigail Leach
Jill M HumphreysMVP2021,MVP2021,Jill M Humphreys
Amelia B AdamsMVP2021,MVP2021,Amelia B Adams
Emerson FoutsHSC2021,HSC2021,Emerson Fouts
Callahan Y LissendenHSC2021,HSC2021,Callahan Y Lissenden
Juliana C Skopp-CardilloMVP2021,MVP2021,Juliana C Skopp-Cardillo
Eliza J TourbafHSC2021,HSC2021,Eliza J Tourbaf
Kaitlyn BurnsHSC2021,HSC2021,Kaitlyn Burns
Caroline G MillerMVP2021,MVP2021,Caroline G Miller
Abby L AdamsMVP2021,MVP2021,Abby L Adams
Ashley VaracalliHSC2021,HSC2021,Ashley Varacalli
Vivian SteeleHSC2021,HSC2021,Vivian Steele
Alex KelloggMVP2021,MVP2021,Alex Kellogg
Noelle E RosserHSC2021,HSC2021,Noelle E Rosser
Aubrey DaoHSC2021,HSC2021,Aubrey Dao
Anna PopowichMVP2021,MVP2021,Anna Popowich
Anoushka SarathyHSC2021,HSC2021,Anoushka Sarathy
Abigail PickardHSC2021,HSC2021,Abigail Pickard
Elizabeth KelloggMVP2021,MVP2021,Elizabeth Kellogg
Samantha S LiHSC2021,HSC2021,Samantha S Li
Heidi M SchulteMVP2021,MVP2021,Heidi M Schulte
Ella M PribleMVP2021,MVP2021,Ella M Prible
Helena HernandezHSC2021,HSC2021,Helena Hernandez
Tess N EmanuelHSC2021,HSC2021,Tess N Emanuel
Monica B MoralesMVP2021,MVP2021,Monica B Morales
Evelyn TomblinMVP2021,MVP2021,Evelyn Tomblin
Lily M PalmerinoMVP2021,MVP2021,Lily M Palmerino
Olivia M BlondinMVP2021,MVP2021,Olivia M Blondin
Margaret J MosbyHSC2021,HSC2021,Margaret J Mosby
Amanda F DiMeglioHSC2021,HSC2021,Amanda F DiMeglio
Sophie A SteinerHSC2021,HSC2021,Sophie A Steiner
Miraya SarathyHSC2021,HSC2021,Miraya Sarathy
Ava V PayanHSC2021,HSC2021,Ava V Payan
Clare V WiggersMVP2021,MVP2021,Clare V Wiggers
Georgia SteeleHSC2021,HSC2021,Georgia Steele
Evelyn P MilitoMVP2021,MVP2021,Evelyn P Milito
Ellie DesaiHSC2021,HSC2021,Ellie Desai
Emma BuccaMVP2021,MVP2021,Emma Bucca
Josie R CowenMVP2021,MVP2021,Josie R Cowen
Reese MyersMVP2021,MVP2021,Reese Myers
Charlotte FrankelHSC2021,HSC2021,Charlotte Frankel
Hayley VaracalliHSC2021,HSC2021,Hayley Varacalli
Samantha M CowenMVP2021,MVP2021,Samantha M Cowen
Emily M MakinMVP2021,MVP2021,Emily M Makin
Olivia J HeckMVP2021,MVP2021,Olivia J Heck
Sophia MontieHSC2021,HSC2021,Sophia Montie
Noelle RosserHSC2021,HSC2021,Noelle Rosser
Evie CraigMVP2021,MVP2021,Evie Craig
Nora A HixsonMVP2021,MVP2021,Nora A Hixson
Grace L WegnerVivian SteeleAva PayanJamie S RothHSC2021,HSC2021,Grace L WegnerVivian SteeleAva PayanJamie S Roth
Emily MooreLauren E RudyAlex KelloggElizabeth MillerMVP2021,MVP2021,Emily MooreLauren E RudyAlex KelloggElizabeth Miller
Samantha S LiErin KassMorgan KassEliza J TourbafHSC2021,HSC2021,Samantha S LiErin KassMorgan KassEliza J Tourbaf
Helen C MilitoMargaret V DriscollJill M HumphreysEmily M MakinMVP2021,MVP2021,Helen C MilitoMargaret V DriscollJill M HumphreysEmily M Makin
Erin KassGeorgia SteeleAnoushka SarathyAbigail PickardHSC2021,HSC2021,Erin KassGeorgia SteeleAnoushka SarathyAbigail Pickard
Elizabeth KelloggEvelyn P MilitoKate BarberMargaret V DriscollMVP2021,MVP2021,Elizabeth KelloggEvelyn P MilitoKate BarberMargaret V Driscoll
Karly J WhiteheadHelen C MilitoAlexandra K MyersReese MyersMVP2021,MVP2021,Karly J WhiteheadHelen C MilitoAlexandra K MyersReese Myers
Samantha S LiCharlotte FrankelAvery G MillerVela PascualHSC2021,HSC2021,Samantha S LiCharlotte FrankelAvery G MillerVela Pascual
Morgan KassHayley VaracalliTess N EmanuelEmerson FoutsHSC2021,HSC2021,Morgan KassHayley VaracalliTess N EmanuelEmerson Fouts
Amelia B AdamsAbigail LeachJill M HumphreysSamantha M CowenMVP2021,MVP2021,Amelia B AdamsAbigail LeachJill M HumphreysSamantha M Cowen
Olivia M BlondinOlivia J HeckEmily M MakinJuliana C Skopp-CardilloMVP2021,MVP2021,Olivia M BlondinOlivia J HeckEmily M MakinJuliana C Skopp-Cardillo
Margaret J MosbyAshley VaracalliKaitlyn BurnsEliza J TourbafHSC2021,HSC2021,Margaret J MosbyAshley VaracalliKaitlyn BurnsEliza J Tourbaf
Owen J PribleMVP2021,MVP2021,Owen J Prible
Henry M WeeksML2021,ML2021,Henry M Weeks
Cash W DusinaML2021,ML2021,Cash W Dusina
Gray BauerleinMVP2021,MVP2021,Gray Bauerlein
Nathan W LeeML2021,ML2021,Nathan W Lee
Stefen J BoydMVP2021,MVP2021,Stefen J Boyd
Lincoln JettonMVP2021,MVP2021,Lincoln Jetton
Billy D CostelloML2021,ML2021,Billy D Costello
Jacob A MilitoMVP2021,MVP2021,Jacob A Milito
Andrew E WiggersMVP2021,MVP2021,Andrew E Wiggers
Nicolas V LiML2021,ML2021,Nicolas V Li
Jason NugaraML2021,ML2021,Jason Nugara
Brandon M BedestaniML2021,ML2021,Brandon M Bedestani
Samuel C BruceMVP2021,MVP2021,Samuel C Bruce
Cooper K PopovichML2021,ML2021,Cooper K Popovich
Evan Z PribleMVP2021,MVP2021,Evan Z Prible
Rhett J ButlerMVP2021,MVP2021,Rhett J Butler
Cayden A FrantzML2021,ML2021,Cayden A Frantz
Alexander M NorthMVP2021,MVP2021,Alexander M North
Jack P AlzonaMVP2021,MVP2021,Jack P Alzona
Kevin J CampbellML2021,ML2021,Kevin J Campbell
Henry F MillerML2021,ML2021,Henry F Miller
George S SchulteMVP2021,MVP2021,George S Schulte
Kaelan E MonroeML2021,ML2021,Kaelan E Monroe
Robert W LuebkeML2021,ML2021,Robert W Luebke
Donovan R KovalskyMVP2021,MVP2021,Donovan R Kovalsky
Cole P PopovichML2021,ML2021,Cole P Popovich
Ellison J SoobertML2021,ML2021,Ellison J Soobert
Andrei J ZaitsevMVP2021,MVP2021,Andrei J Zaitsev
John T FrenchMVP2021,MVP2021,John T French
Janni (Ian) W WeeksML2021,ML2021,Janni (Ian) W Weeks
Jacob W BergerMVP2021,MVP2021,Jacob W Berger
Zachary C JeannotML2021,ML2021,Zachary C Jeannot
George M WilliamsML2021,ML2021,George M Williams
Jackson C SaloomMVP2021,MVP2021,Jackson C Saloom
Oliver W AndersonMVP2021,MVP2021,Oliver W Anderson
Michael A BergerMVP2021,MVP2021,Michael A Berger
Yusuf K SamirML2021,ML2021,Yusuf K Samir
Henry R WilliamsML2021,ML2021,Henry R Williams
Ian HixsonMVP2021,MVP2021,Ian Hixson
Landon FrantzML2021,ML2021,Landon Frantz
Declan O'RourkeML2021,ML2021,Declan O'Rourke
Gavin T MooreMVP2021,MVP2021,Gavin T Moore
Rowan D FrewML2021,ML2021,Rowan D Frew
Atticus T GoreML2021,ML2021,Atticus T Gore
James M PilandMVP2021,MVP2021,James M Piland
Arleigh G McQueenMVP2021,MVP2021,Arleigh G McQueen
Luca SutharMVP2021,MVP2021,Luca Suthar
Lucas A CoreyML2021,ML2021,Lucas A Corey
Taft R WhiteheadMVP2021,MVP2021,Taft R Whitehead
MarcAnthony BoydMVP2021,MVP2021,MarcAnthony Boyd
Bert C VanegasML2021,ML2021,Bert C Vanegas
Lennox J McDowellML2021,ML2021,Lennox J McDowell
Charles S LanninML2021,ML2021,Charles S Lannin
Anthony J SarroMVP2021,MVP2021,Anthony J Sarro
Noah A LitonjuaMVP2021,MVP2021,Noah A Litonjua
Matthew J MakinMVP2021,MVP2021,Matthew J Makin
Jackson L PopovichML2021,ML2021,Jackson L Popovich
Shaan S NagdaMVP2021,MVP2021,Shaan S Nagda
Sean D KovalskyMVP2021,MVP2021,Sean D Kovalsky
Ryan M CampbellML2021,ML2021,Ryan M Campbell
Charlie F RuppeMVP2021,MVP2021,Charlie F Ruppe
Jack P FordeML2021,ML2021,Jack P Forde
Jack A KlopsonMVP2021,MVP2021,Jack A Klopson
Elijah R GoldML2021,ML2021,Elijah R Gold
TJ HeckMVP2021,MVP2021,TJ Heck
Zachary J EllisML2021,ML2021,Zachary J Ellis
Solomon J Butler BasnerML2021,ML2021,Solomon J Butler Basner
Henry M WeeksZachary C JeannotCash W DusinaJanni (Ian) W WeeksML2021,ML2021,Henry M WeeksZachary C JeannotCash W DusinaJanni (Ian) W Weeks
Owen J PribleGray BauerleinStefen J BoydArleigh G McQueenMVP2021,MVP2021,Owen J PribleGray BauerleinStefen J BoydArleigh G McQueen
Henry R WilliamsJanni (Ian) W WeeksJackson L PopovichRobert W LuebkeML2021,ML2021,Henry R WilliamsJanni (Ian) W WeeksJackson L PopovichRobert W Luebke
Samuel C BruceLincoln JettonAlexander M NorthDonovan R KovalskyMVP2021,MVP2021,Samuel C BruceLincoln JettonAlexander M NorthDonovan R Kovalsky
Jackson C SaloomLincoln JettonJacob A MilitoAndrew E WiggersMVP2021,MVP2021,Jackson C SaloomLincoln JettonJacob A MilitoAndrew E Wiggers
Henry R WilliamsCharles S LanninBrandon M BedestaniCooper K PopovichML2021,ML2021,Henry R WilliamsCharles S LanninBrandon M BedestaniCooper K Popovich
Rhett J ButlerAnthony J SarroSamuel C BruceEvan Z PribleMVP2021,MVP2021,Rhett J ButlerAnthony J SarroSamuel C BruceEvan Z Prible
George S SchulteAlexander M NorthMatthew J MakinJack P AlzonaMVP2021,MVP2021,George S SchulteAlexander M NorthMatthew J MakinJack P Alzona
Kevin J CampbellLennox J McDowellJackson L PopovichHenry F MillerML2021,ML2021,Kevin J CampbellLennox J McDowellJackson L PopovichHenry F Miller
Robert W LuebkeJack P FordeCole P PopovichEllison J SoobertML2021,ML2021,Robert W LuebkeJack P FordeCole P PopovichEllison J Soobert
John T FrenchCharlie F RuppeJames M PilandDonovan R KovalskyMVP2021,MVP2021,John T FrenchCharlie F RuppeJames M PilandDonovan R Kovalsky
Lauren O ThomasML2021,ML2021,Lauren O Thomas
Reagan E CostelloML2021,ML2021,Reagan E Costello
Leah E HierlmeierML2021,ML2021,Leah E Hierlmeier
Lauren E RudyMVP2021,MVP2021,Lauren E Rudy
Emily MooreMVP2021,MVP2021,Emily Moore
Anna PopowichMVP2021,MVP2021,Anna Popowich
Christina S LeeML2021,ML2021,Christina S Lee
Kate BarberMVP2021,MVP2021,Kate Barber
Sofia K EllisML2021,ML2021,Sofia K Ellis
Natalie A ThomasML2021,ML2021,Natalie A Thomas
Andrea B MoralesMVP2021,MVP2021,Andrea B Morales
Aleta E McQueenMVP2021,MVP2021,Aleta E McQueen
Joey E FerrisML2021,ML2021,Joey E Ferris
Kate E ShumateML2021,ML2021,Kate E Shumate
Helen C MilitoMVP2021,MVP2021,Helen C Milito
Alexandra K MyersMVP2021,MVP2021,Alexandra K Myers
Aubree J LasonML2021,ML2021,Aubree J Lason
Evie CraigMVP2021,MVP2021,Evie Craig
Laila J McDowellML2021,ML2021,Laila J McDowell
Annie S GaoML2021,ML2021,Annie S Gao
Abigail LeachMVP2021,MVP2021,Abigail Leach
Ridgely E NepplML2021,ML2021,Ridgely E Neppl
Nora A HixsonMVP2021,MVP2021,Nora A Hixson
Evelyn TomblinMVP2021,MVP2021,Evelyn Tomblin
Natalia D RongioneML2021,ML2021,Natalia D Rongione
Juliana C Skopp-CardilloMVP2021,MVP2021,Juliana C Skopp-Cardillo
Anna L LaszloML2021,ML2021,Anna L Laszlo
Lily M PalmerinoMVP2021,MVP2021,Lily M Palmerino
Caroline G MillerMVP2021,MVP2021,Caroline G Miller
Kristin E SargentML2021,ML2021,Kristin E Sargent
Elizabeth MillerMVP2021,MVP2021,Elizabeth Miller
Alex KelloggMVP2021,MVP2021,Alex Kellogg
Mara I KramerML2021,ML2021,Mara I Kramer
Caroline S WagerML2021,ML2021,Caroline S Wager
Carys M CampbellML2021,ML2021,Carys M Campbell
Lexi M DayoubML2021,ML2021,Lexi M Dayoub
Evelyn P MilitoMVP2021,MVP2021,Evelyn P Milito
Elizabeth KelloggMVP2021,MVP2021,Elizabeth Kellogg
Graycen M FrantzML2021,ML2021,Graycen M Frantz
Lacey MurphyMVP2021,MVP2021,Lacey Murphy
Isabelle T VanegasML2021,ML2021,Isabelle T Vanegas
Heidi M SchulteMVP2021,MVP2021,Heidi M Schulte
Ella M PribleMVP2021,MVP2021,Ella M Prible
Bianca MurphyMVP2021,MVP2021,Bianca Murphy
Taylor E BryceML2021,ML2021,Taylor E Bryce
Amelia B AdamsMVP2021,MVP2021,Amelia B Adams
Amalya M MonroeML2021,ML2021,Amalya M Monroe
Anna L StarrMVP2021,MVP2021,Anna L Starr
Mailys GenettiML2021,ML2021,Mailys Genetti
Cassandra K GoreML2021,ML2021,Cassandra K Gore
Olivia M BlondinMVP2021,MVP2021,Olivia M Blondin
Everly R JohnstonML2021,ML2021,Everly R Johnston
Cora Renee I PopovichML2021,ML2021,Cora Renee I Popovich
Cameron G McDowellML2021,ML2021,Cameron G McDowell
Tessa N DusinaML2021,ML2021,Tessa N Dusina
Clare V WiggersMVP2021,MVP2021,Clare V Wiggers
Natalie E ShirzadiML2021,ML2021,Natalie E Shirzadi
Emma BuccaMVP2021,MVP2021,Emma Bucca
Laila H KhonsariML2021,ML2021,Laila H Khonsari
Ciara O'RourkeML2021,ML2021,Ciara O'Rourke
Abigail E LitonjuaMVP2021,MVP2021,Abigail E Litonjua
Darcy E WarmerdamML2021,ML2021,Darcy E Warmerdam
Alia M MarquardtML2021,ML2021,Alia M Marquardt
Emily M MakinMVP2021,MVP2021,Emily M Makin
Olivia J HeckMVP2021,MVP2021,Olivia J Heck
Emily R ButlerMVP2021,MVP2021,Emily R Butler
Mey E DayoubML2021,ML2021,Mey E Dayoub
Victoria ValkoML2021,ML2021,Victoria Valko
Camden G LanninML2021,ML2021,Camden G Lannin
Emily MooreLauren E RudyAlex KelloggElizabeth MillerMVP2021,MVP2021,Emily MooreLauren E RudyAlex KelloggElizabeth Miller
Joey E FerrisChristina S LeeLaila J McDowellVictoria ValkoML2021,ML2021,Joey E FerrisChristina S LeeLaila J McDowellVictoria Valko
Helen C MilitoKate BarberAbigail LeachEmily M MakinMVP2021,MVP2021,Helen C MilitoKate BarberAbigail LeachEmily M Makin
Christina S LeeCarys M CampbellNatalie A ThomasLexi M DayoubML2021,ML2021,Christina S LeeCarys M CampbellNatalie A ThomasLexi M Dayoub
Elizabeth KelloggEvelyn P MilitoKate BarberAndrea B MoralesMVP2021,MVP2021,Elizabeth KelloggEvelyn P MilitoKate BarberAndrea B Morales
Kate E ShumateIsabelle T VanegasJoey E FerrisAubree J LasonML2021,ML2021,Kate E ShumateIsabelle T VanegasJoey E FerrisAubree J Lason
Heidi M SchulteAnna L StarrAlexandra K MyersHelen C MilitoMVP2021,MVP2021,Heidi M SchulteAnna L StarrAlexandra K MyersHelen C Milito
Taylor E BryceLaila J McDowellAnnie S GaoRidgely E NepplML2021,ML2021,Taylor E BryceLaila J McDowellAnnie S GaoRidgely E Neppl
Amelia B AdamsAbigail E LitonjuaAbigail LeachNora A HixsonMVP2021,MVP2021,Amelia B AdamsAbigail E LitonjuaAbigail LeachNora A Hixson
Victoria ValkoKristin E SargentAnna L LaszloNatalia D RongioneML2021,ML2021,Victoria ValkoKristin E SargentAnna L LaszloNatalia D Rongione
Lily M PalmerinoEmily M MakinOlivia M BlondinJuliana C Skopp-CardilloMVP2021,MVP2021,Lily M PalmerinoEmily M MakinOlivia M BlondinJuliana C Skopp-Cardillo
Henry CooperWC2021,WC2021,Henry Cooper
Patrick ScottWC2021,WC2021,Patrick Scott
Kiran BaglaL2021,L2021,Kiran Bagla
Gavin EubanksWC2021,WC2021,Gavin Eubanks
Logan D LaRosaL2021,L2021,Logan D LaRosa
Bennett Van EmburghL2021,L2021,Bennett Van Emburgh
Landon A MillerL2021,L2021,Landon A Miller
Jack L SingletonL2021,L2021,Jack L Singleton
Michael PhamWC2021,WC2021,Michael Pham
Javier SalazarWC2021,WC2021,Javier Salazar
Cordrey C RobergeL2021,L2021,Cordrey C Roberge
John T RyderWC2021,WC2021,John T Ryder
Henry A RossmanL2021,L2021,Henry A Rossman
Sandro K ThorntonL2021,L2021,Sandro K Thornton
Zachary SpillerL2021,L2021,Zachary Spiller
Oliver PoundWC2021,WC2021,Oliver Pound
Max PoundWC2021,WC2021,Max Pound
Matthew Lazo-KaserWC2021,WC2021,Matthew Lazo-Kaser
Evan C PoulosL2021,L2021,Evan C Poulos
Jackson SteiderWC2021,WC2021,Jackson Steider
Daniel WuL2021,L2021,Daniel Wu
Wilson ButtzL2021,L2021,Wilson Buttz
Timothy WatkinsWC2021,WC2021,Timothy Watkins
Nathnael BelayWC2021,WC2021,Nathnael Belay
Ryan DixL2021,L2021,Ryan Dix
John SchaeferWC2021,WC2021,John Schaefer
Daniel CoughlinL2021,L2021,Daniel Coughlin
Nicholas ParkerWC2021,WC2021,Nicholas Parker
Dillon ProxmireL2021,L2021,Dillon Proxmire
Jacob ParkerWC2021,WC2021,Jacob Parker
Peter BattenL2021,L2021,Peter Batten
Cayden FaulWC2021,WC2021,Cayden Faul
Henry R SingletonL2021,L2021,Henry R Singleton
Felix YuL2021,L2021,Felix Yu
Kevin MansuyWC2021,WC2021,Kevin Mansuy
Aiden KleinmanWC2021,WC2021,Aiden Kleinman
Griffin WolfangerWC2021,WC2021,Griffin Wolfanger
Luca H SanchezL2021,L2021,Luca H Sanchez
Seamus McNamaraWC2021,WC2021,Seamus McNamara
Bennett OttoWC2021,WC2021,Bennett Otto
Marcello E FavroL2021,L2021,Marcello E Favro
Alejandro A WickL2021,L2021,Alejandro A Wick
Nathaniel GrannisWC2021,WC2021,Nathaniel Grannis
Erim C OzcanL2021,L2021,Erim C Ozcan
Spencer WilfordWC2021,WC2021,Spencer Wilford
Christopher BunnL2021,L2021,Christopher Bunn
Ben B AbbruzzeseWC2021,WC2021,Ben B Abbruzzese
Brady C QuinnL2021,L2021,Brady C Quinn
Dylan F WalshL2021,L2021,Dylan F Walsh
Sullivan McNamaraWC2021,WC2021,Sullivan McNamara
Zachary ParkerWC2021,WC2021,Zachary Parker
Ryan TranWC2021,WC2021,Ryan Tran
Tyson C ThomasWC2021,WC2021,Tyson C Thomas
Tobias Lee-TruesdellL2021,L2021,Tobias Lee-Truesdell
Leonidas BessetteWC2021,WC2021,Leonidas Bessette
Noah LeahyWC2021,WC2021,Noah Leahy
Ethan N RamchandL2021,L2021,Ethan N Ramchand
William H CenterL2021,L2021,William H Center
Kevin ReadWC2021,WC2021,Kevin Read
Jeff GerberWC2021,WC2021,Jeff Gerber
Alexander SotoWC2021,WC2021,Alexander Soto
Roberto J WickL2021,L2021,Roberto J Wick
Graham GrinnellWC2021,WC2021,Graham Grinnell
Matthew GillespieL2021,L2021,Matthew Gillespie
Gabriel M JemioL2021,L2021,Gabriel M Jemio
Brendan ReadWC2021,WC2021,Brendan Read
Sullivan McNamaraPatrick ScottGavin EubanksHenry CooperWC2021,WC2021,Sullivan McNamaraPatrick ScottGavin EubanksHenry Cooper
Henry R SingletonLogan D LaRosaPeter BattenKiran BaglaL2021,L2021,Henry R SingletonLogan D LaRosaPeter BattenKiran Bagla
Luca H SanchezFelix YuEvan C PoulosRyan DixL2021,L2021,Luca H SanchezFelix YuEvan C PoulosRyan Dix
Seamus McNamaraMichael PhamJackson SteiderJohn SchaeferWC2021,WC2021,Seamus McNamaraMichael PhamJackson SteiderJohn Schaefer
Felix YuJack L SingletonGabriel M JemioLandon A MillerL2021,L2021,Felix YuJack L SingletonGabriel M JemioLandon A Miller
Kevin MansuyMichael PhamRyan TranJohn T RyderWC2021,WC2021,Kevin MansuyMichael PhamRyan TranJohn T Ryder
Henry A RossmanLuca H SanchezZachary SpillerSandro K ThorntonL2021,L2021,Henry A RossmanLuca H SanchezZachary SpillerSandro K Thornton
Max PoundSeamus McNamaraBennett OttoOliver PoundWC2021,WC2021,Max PoundSeamus McNamaraBennett OttoOliver Pound
Alejandro A WickEthan N RamchandEvan C PoulosDaniel WuL2021,L2021,Alejandro A WickEthan N RamchandEvan C PoulosDaniel Wu
Jackson SteiderTimothy WatkinsSpencer WilfordKevin ReadWC2021,WC2021,Jackson SteiderTimothy WatkinsSpencer WilfordKevin Read
John SchaeferJeff GerberNicholas ParkerJacob ParkerWC2021,WC2021,John SchaeferJeff GerberNicholas ParkerJacob Parker
Christopher BunnDaniel CoughlinRyan DixDillon ProxmireL2021,L2021,Christopher BunnDaniel CoughlinRyan DixDillon Proxmire
Sophia Alexandrova-BaileyL2021,L2021,Sophia Alexandrova-Bailey
Marina B MillerL2021,L2021,Marina B Miller
Ivonne ValleWC2021,WC2021,Ivonne Valle
Hannah MarroquinWC2021,WC2021,Hannah Marroquin
Arianna DiMonteL2021,L2021,Arianna DiMonte
Heidi C OttoWC2021,WC2021,Heidi C Otto
Evelyn VolovarL2021,L2021,Evelyn Volovar
Annabelle EbaughWC2021,WC2021,Annabelle Ebaugh
Amiya BaglaL2021,L2021,Amiya Bagla
Solveig Webster-MainL2021,L2021,Solveig Webster-Main
Violet ConklinWC2021,WC2021,Violet Conklin
Virginia StricklandL2021,L2021,Virginia Strickland
Jenny S LiL2021,L2021,Jenny S Li
Elisabeth MillerL2021,L2021,Elisabeth Miller
Anna RyderWC2021,WC2021,Anna Ryder
Alexa MansuyWC2021,WC2021,Alexa Mansuy
Lauren SmithWC2021,WC2021,Lauren Smith
Marina WatsonL2021,L2021,Marina Watson
Colleen ReadWC2021,WC2021,Colleen Read
Gabrielle MirandaWC2021,WC2021,Gabrielle Miranda
Bianca MataWC2021,WC2021,Bianca Mata
Isabella S Lee-TruesdellL2021,L2021,Isabella S Lee-Truesdell
Cleia JonesL2021,L2021,Cleia Jones
Jillian FerrariWC2021,WC2021,Jillian Ferrari
Emilee FerrariWC2021,WC2021,Emilee Ferrari
Meghan E MurrayWC2021,WC2021,Meghan E Murray
Izzy SchoneL2021,L2021,Izzy Schone
Kira N ThorntonL2021,L2021,Kira N Thornton
Lilly HusseinL2021,L2021,Lilly Hussein
Maria Alexandrova-BaileyL2021,L2021,Maria Alexandrova-Bailey
Kaitlin EbaughWC2021,WC2021,Kaitlin Ebaugh
Tala H AbbudL2021,L2021,Tala H Abbud
Elizabeth SalazarWC2021,WC2021,Elizabeth Salazar
Leah EubanksWC2021,WC2021,Leah Eubanks
Divya I PaiL2021,L2021,Divya I Pai
Alexa G SteiderWC2021,WC2021,Alexa G Steider
Evelyn L CunninghamL2021,L2021,Evelyn L Cunningham
Christy S LiL2021,L2021,Christy S Li
Grace S YuanL2021,L2021,Grace S Yuan
Madison EbaughWC2021,WC2021,Madison Ebaugh
Daphne R GiddensWC2021,WC2021,Daphne R Giddens
Tessa JonesL2021,L2021,Tessa Jones
Paige A PoulosL2021,L2021,Paige A Poulos
Kendall SchottlerWC2021,WC2021,Kendall Schottler
Gabrielle PhamWC2021,WC2021,Gabrielle Pham
Kate WalterL2021,L2021,Kate Walter
Paige C MurrayWC2021,WC2021,Paige C Murray
Helena SwaakL2021,L2021,Helena Swaak
Ana NegrelliWC2021,WC2021,Ana Negrelli
Charlotte GavenmanL2021,L2021,Charlotte Gavenman
Emma NaingWC2021,WC2021,Emma Naing
Carolyn WeitzWC2021,WC2021,Carolyn Weitz
Sophie S LiL2021,L2021,Sophie S Li
Alexia KerenWC2021,WC2021,Alexia Keren
Charlotte ConklinWC2021,WC2021,Charlotte Conklin
Caitlin McCarthyL2021,L2021,Caitlin McCarthy
Megan BuchWC2021,WC2021,Megan Buch
Katherine CrawfordWC2021,WC2021,Katherine Crawford
Liliana SchoneL2021,L2021,Liliana Schone
Kathleen ModderWC2021,WC2021,Kathleen Modder
Barbara SotoWC2021,WC2021,Barbara Soto
Avery BattenL2021,L2021,Avery Batten
Mina BlickleyWC2021,WC2021,Mina Blickley
Casey M TasberL2021,L2021,Casey M Tasber
Caitlyn DurbinWC2021,WC2021,Caitlyn Durbin
Chloe H KowalczykL2021,L2021,Chloe H Kowalczyk
Victoria SpranceWC2021,WC2021,Victoria Sprance
Arianna DiMonteMaria Alexandrova-BaileyMarina B MillerSophia Alexandrova-BaileyL2021,L2021,Arianna DiMonteMaria Alexandrova-BaileyMarina B MillerSophia Alexandrova-Bailey
Emma NaingIvonne ValleHannah MarroquinKaitlin EbaughWC2021,WC2021,Emma NaingIvonne ValleHannah MarroquinKaitlin Ebaugh
Anna RyderLeah EubanksColleen ReadJillian FerrariWC2021,WC2021,Anna RyderLeah EubanksColleen ReadJillian Ferrari
Virginia StricklandSophie S LiMarina WatsonLiliana SchoneL2021,L2021,Virginia StricklandSophie S LiMarina WatsonLiliana Schone
Sophie S LiAmiya BaglaDivya I PaiEvelyn VolovarL2021,L2021,Sophie S LiAmiya BaglaDivya I PaiEvelyn Volovar
Leah EubanksAnnabelle EbaughHeidi C OttoViolet ConklinWC2021,WC2021,Leah EubanksAnnabelle EbaughHeidi C OttoViolet Conklin
Christy S LiVirginia StricklandElisabeth MillerJenny S LiL2021,L2021,Christy S LiVirginia StricklandElisabeth MillerJenny S Li
Alexa MansuyLauren SmithMadison EbaughAnna RyderWC2021,WC2021,Alexa MansuyLauren SmithMadison EbaughAnna Ryder
Tessa JonesPaige A PoulosMarina WatsonIsabella S Lee-TruesdellL2021,L2021,Tessa JonesPaige A PoulosMarina WatsonIsabella S Lee-Truesdell
Colleen ReadKatherine CrawfordKendall SchottlerGabrielle MirandaWC2021,WC2021,Colleen ReadKatherine CrawfordKendall SchottlerGabrielle Miranda
Jillian FerrariKathleen ModderMeghan E MurrayEmilee FerrariWC2021,WC2021,Jillian FerrariKathleen ModderMeghan E MurrayEmilee Ferrari
Izzy SchoneLiliana SchoneKate WalterKira N ThorntonL2021,L2021,Izzy SchoneLiliana SchoneKate WalterKira N Thornton
Victor M SakranCP2021,CP2021,Victor M Sakran
Matthew S RyersonCP2021,CP2021,Matthew S Ryerson
William PickardHSC2021,HSC2021,William Pickard
Declan GhazalHSC2021,HSC2021,Declan Ghazal
Henry C WorkmanCP2021,CP2021,Henry C Workman
James C ShernitHSC2021,HSC2021,James C Shernit
Dominic J IaciCP2021,CP2021,Dominic J Iaci
Gabriel K HamamgianCP2021,CP2021,Gabriel K Hamamgian
Zaidan GhazalHSC2021,HSC2021,Zaidan Ghazal
Caleb J Cherryholmes-WesleyCP2021,CP2021,Caleb J Cherryholmes-Wesley
Boden Y LissendenHSC2021,HSC2021,Boden Y Lissenden
Jacob RossHSC2021,HSC2021,Jacob Ross
Bennett SteeleHSC2021,HSC2021,Bennett Steele
Aiden ThornsburyHSC2021,HSC2021,Aiden Thornsbury
Chase C TaylorCP2021,CP2021,Chase C Taylor
Joshua E KimCP2021,CP2021,Joshua E Kim
Enrique K UgaldeCP2021,CP2021,Enrique K Ugalde
Grant FassHSC2021,HSC2021,Grant Fass
Charlie J PalmaHSC2021,HSC2021,Charlie J Palma
Adam CorleyCP2021,CP2021,Adam Corley
Landon T PeckCP2021,CP2021,Landon T Peck
Benjamin J PalmaHSC2021,HSC2021,Benjamin J Palma
Kaeden A SotoCP2021,CP2021,Kaeden A Soto
Collin LeHSC2021,HSC2021,Collin Le
Brendan B MullenCP2021,CP2021,Brendan B Mullen
David McMichaelHSC2021,HSC2021,David McMichael
Dylan A DunnCP2021,CP2021,Dylan A Dunn
Owen S SullivanHSC2021,HSC2021,Owen S Sullivan
Isaac ReavesHSC2021,HSC2021,Isaac Reaves
Markos AklogCP2021,CP2021,Markos Aklog
Bennett M MillerCP2021,CP2021,Bennett M Miller
Colin KassHSC2021,HSC2021,Colin Kass
Beauman M MooreCP2021,CP2021,Beauman M Moore
Isaiah J CollazoHSC2021,HSC2021,Isaiah J Collazo
Evan DavisCP2021,CP2021,Evan Davis
Ethan M JohnsCP2021,CP2021,Ethan M Johns
Samuel HernandezHSC2021,HSC2021,Samuel Hernandez
Ryan FlickingerHSC2021,HSC2021,Ryan Flickinger
Evan I BhatiaHSC2021,HSC2021,Evan I Bhatia
Thomas S PowellCP2021,CP2021,Thomas S Powell
Grant R FrickeCP2021,CP2021,Grant R Fricke
Ryan P TalbotHSC2021,HSC2021,Ryan P Talbot
Luca M IaciCP2021,CP2021,Luca M Iaci
Lewis LeHSC2021,HSC2021,Lewis Le
Marshall P BrooksCP2021,CP2021,Marshall P Brooks
Zac C LeithCP2021,CP2021,Zac C Leith
Frederick G SpeidellCP2021,CP2021,Frederick G Speidell
Avery W KuhnHSC2021,HSC2021,Avery W Kuhn
Anthony M BowersHSC2021,HSC2021,Anthony M Bowers
William B ShernitHSC2021,HSC2021,William B Shernit
Alejandro W PayanHSC2021,HSC2021,Alejandro W Payan
Micah T WegnerHSC2021,HSC2021,Micah T Wegner
Truman A MooreCP2021,CP2021,Truman A Moore
Connor M CorleyCP2021,CP2021,Connor M Corley
Benjamin H FullertonCP2021,CP2021,Benjamin H Fullerton
Cameron KuhnHSC2021,HSC2021,Cameron Kuhn
Cameron L WingCP2021,CP2021,Cameron L Wing
Jackson FrankelHSC2021,HSC2021,Jackson Frankel
Ryan B BradshawHSC2021,HSC2021,Ryan B Bradshaw
Jason P CorleyCP2021,CP2021,Jason P Corley
Jacob DiepCP2021,CP2021,Jacob Diep
Galder C MaullHSC2021,HSC2021,Galder C Maull
Samuel FrankelHSC2021,HSC2021,Samuel Frankel
Matthew S RyersonVictor M SakranBeauman M MooreBennett M MillerCP2021,CP2021,Matthew S RyersonVictor M SakranBeauman M MooreBennett M Miller
William PickardJames C ShernitAlejandro W PayanColin KassHSC2021,HSC2021,William PickardJames C ShernitAlejandro W PayanColin Kass
Bennett SteeleZaidan GhazalCharlie J PalmaDavid McMichaelHSC2021,HSC2021,Bennett SteeleZaidan GhazalCharlie J PalmaDavid McMichael
Chase C TaylorDominic J IaciAdam CorleyZac C LeithCP2021,CP2021,Chase C TaylorDominic J IaciAdam CorleyZac C Leith
Ethan M JohnsGabriel K HamamgianTruman A MooreDominic J IaciCP2021,CP2021,Ethan M JohnsGabriel K HamamgianTruman A MooreDominic J Iaci
Isaiah J CollazoMicah T WegnerZaidan GhazalBoden Y LissendenHSC2021,HSC2021,Isaiah J CollazoMicah T WegnerZaidan GhazalBoden Y Lissenden
Ryan FlickingerBennett SteeleGalder C MaullAiden ThornsburyHSC2021,HSC2021,Ryan FlickingerBennett SteeleGalder C MaullAiden Thornsbury
Enrique K UgaldeConnor M CorleyJoshua E KimChase C TaylorCP2021,CP2021,Enrique K UgaldeConnor M CorleyJoshua E KimChase C Taylor
Charlie J PalmaCameron KuhnBenjamin J PalmaRyan P TalbotHSC2021,HSC2021,Charlie J PalmaCameron KuhnBenjamin J PalmaRyan P Talbot
Kaeden A SotoAdam CorleyLuca M IaciLandon T PeckCP2021,CP2021,Kaeden A SotoAdam CorleyLuca M IaciLandon T Peck
Zac C LeithDylan A DunnFrederick G SpeidellBrendan B MullenCP2021,CP2021,Zac C LeithDylan A DunnFrederick G SpeidellBrendan B Mullen
Anthony M BowersJackson FrankelOwen S SullivanDavid McMichaelHSC2021,HSC2021,Anthony M BowersJackson FrankelOwen S SullivanDavid McMichael
Tatum KurpielHSC2021,HSC2021,Tatum Kurpiel
Julia M KosowskiCP2021,CP2021,Julia M Kosowski
Nora A BursteinCP2021,CP2021,Nora A Burstein
Adelyn A WhaleyCP2021,CP2021,Adelyn A Whaley
Sarah SteeleHSC2021,HSC2021,Sarah Steele
Noelle E RosserHSC2021,HSC2021,Noelle E Rosser
Anoushka SarathyHSC2021,HSC2021,Anoushka Sarathy
Melody F SaadatHSC2021,HSC2021,Melody F Saadat
Miah E CollazoHSC2021,HSC2021,Miah E Collazo
Anna K KosowskiCP2021,CP2021,Anna K Kosowski
Emma L WhaleyCP2021,CP2021,Emma L Whaley
Janna B RyersonCP2021,CP2021,Janna B Ryerson
Anna J HelmsCP2021,CP2021,Anna J Helms
Sophie G PowellCP2021,CP2021,Sophie G Powell
Mackenzie RossHSC2021,HSC2021,Mackenzie Ross
Rhesa R HicksCP2021,CP2021,Rhesa R Hicks
Avery G MillerHSC2021,HSC2021,Avery G Miller
Vela PascualHSC2021,HSC2021,Vela Pascual
Morgan KassHSC2021,HSC2021,Morgan Kass
Caitlin M GrossCP2021,CP2021,Caitlin M Gross
Shiloh A HicksCP2021,CP2021,Shiloh A Hicks
Abigail K WhelanCP2021,CP2021,Abigail K Whelan
Isla ReavesHSC2021,HSC2021,Isla Reaves
Tess N EmanuelHSC2021,HSC2021,Tess N Emanuel
Katherine P HelmsCP2021,CP2021,Katherine P Helms
Caroline M MullenCP2021,CP2021,Caroline M Mullen
Eliza J TourbafHSC2021,HSC2021,Eliza J Tourbaf
Kaitlyn BurnsHSC2021,HSC2021,Kaitlyn Burns
Lilliana M UgaldeCP2021,CP2021,Lilliana M Ugalde
Elizabeth J FrenchHSC2021,HSC2021,Elizabeth J French
Jamie S RothHSC2021,HSC2021,Jamie S Roth
Rose K PetreCP2021,CP2021,Rose K Petre
Ava V PayanHSC2021,HSC2021,Ava V Payan
Hannah E BarryCP2021,CP2021,Hannah E Barry
Erin KassHSC2021,HSC2021,Erin Kass
Abigail PickardHSC2021,HSC2021,Abigail Pickard
Jacqueline G HullCP2021,CP2021,Jacqueline G Hull
Samantha S LiHSC2021,HSC2021,Samantha S Li
Kelsey F DavisCP2021,CP2021,Kelsey F Davis
Colleen BlaneyHSC2021,HSC2021,Colleen Blaney
Helena HernandezHSC2021,HSC2021,Helena Hernandez
Hannah DiepCP2021,CP2021,Hannah Diep
Emma FlickingerHSC2021,HSC2021,Emma Flickinger
Katarzyna A NelsonCP2021,CP2021,Katarzyna A Nelson
Maddie C PowellCP2021,CP2021,Maddie C Powell
Margaret J MosbyHSC2021,HSC2021,Margaret J Mosby
Lucy E PalmaHSC2021,HSC2021,Lucy E Palma
Cynthia I RozyckiCP2021,CP2021,Cynthia I Rozycki
Adeline R VanderbeekCP2021,CP2021,Adeline R Vanderbeek
Miraya SarathyHSC2021,HSC2021,Miraya Sarathy
Georgia SteeleHSC2021,HSC2021,Georgia Steele
Ellie DesaiHSC2021,HSC2021,Ellie Desai
Riley G Burgess-CarpenterCP2021,CP2021,Riley G Burgess-Carpenter
Teagan K JohnsCP2021,CP2021,Teagan K Johns
Savannah B HarrisCP2021,CP2021,Savannah B Harris
Mia G MillerCP2021,CP2021,Mia G Miller
Charlotte FrankelHSC2021,HSC2021,Charlotte Frankel
Nina E WysockiCP2021,CP2021,Nina E Wysocki
Hayley VaracalliHSC2021,HSC2021,Hayley Varacalli
Kayley G DavisCP2021,CP2021,Kayley G Davis
Sophie KimHSC2021,HSC2021,Sophie Kim
Callahan Y LissendenHSC2021,HSC2021,Callahan Y Lissenden
Sophia MontieHSC2021,HSC2021,Sophia Montie
Eliana M IaciCP2021,CP2021,Eliana M Iaci
Ashley VaracalliHSC2021,HSC2021,Ashley Varacalli
Juliet R SwaseyCP2021,CP2021,Juliet R Swasey
Maryn FeehsCP2021,CP2021,Maryn Feehs
Rose R ChamberlainCP2021,CP2021,Rose R Chamberlain
Julia M KosowskiNora A BursteinRose K PetreCynthia I RozyckiCP2021,CP2021,Julia M KosowskiNora A BursteinRose K PetreCynthia I Rozycki
Sarah SteeleNoelle E RosserTatum KurpielJamie S RothHSC2021,HSC2021,Sarah SteeleNoelle E RosserTatum KurpielJamie S Roth
Mackenzie RossErin KassMorgan KassEmma FlickingerHSC2021,HSC2021,Mackenzie RossErin KassMorgan KassEmma Flickinger
Anna J HelmsAnna K KosowskiCaitlin M GrossKatherine P HelmsCP2021,CP2021,Anna J HelmsAnna K KosowskiCaitlin M GrossKatherine P Helms
Erin KassGeorgia SteeleAnoushka SarathyMelody F SaadatHSC2021,HSC2021,Erin KassGeorgia SteeleAnoushka SarathyMelody F Saadat
Emma L WhaleyJacqueline G HullTeagan K JohnsRiley G Burgess-CarpenterCP2021,CP2021,Emma L WhaleyJacqueline G HullTeagan K JohnsRiley G Burgess-Carpenter
Sophie G PowellKelsey F DavisAnna J HelmsRhesa R HicksCP2021,CP2021,Sophie G PowellKelsey F DavisAnna J HelmsRhesa R Hicks
Helena HernandezSamantha S LiMackenzie RossAvery G MillerHSC2021,HSC2021,Helena HernandezSamantha S LiMackenzie RossAvery G Miller
Caitlin M GrossNina E WysockiSavannah B HarrisShiloh A HicksCP2021,CP2021,Caitlin M GrossNina E WysockiSavannah B HarrisShiloh A Hicks
Morgan KassHayley VaracalliTess N EmanuelIsla ReavesHSC2021,HSC2021,Morgan KassHayley VaracalliTess N EmanuelIsla Reaves
Katherine P HelmsMaddie C PowellCaroline M MullenKatarzyna A NelsonCP2021,CP2021,Katherine P HelmsMaddie C PowellCaroline M MullenKatarzyna A Nelson
Emma FlickingerElizabeth J FrenchKaitlyn BurnsEliza J TourbafHSC2021,HSC2021,Emma FlickingerElizabeth J FrenchKaitlyn BurnsEliza J Tourbaf
Janni (Ian) W WeeksML2021,ML2021,Janni (Ian) W Weeks
Colin KassHSC2021,HSC2021,Colin Kass
Henry M WeeksML2021,ML2021,Henry M Weeks
Nathan W LeeML2021,ML2021,Nathan W Lee
Robert C PhillipsHSC2021,HSC2021,Robert C Phillips
Connor BlaneyHSC2021,HSC2021,Connor Blaney
Zaidan GhazalHSC2021,HSC2021,Zaidan Ghazal
Billy D CostelloML2021,ML2021,Billy D Costello
Alex KimHSC2021,HSC2021,Alex Kim
Jacob RossHSC2021,HSC2021,Jacob Ross
Jackson T HardyML2021,ML2021,Jackson T Hardy
Nicolas V LiML2021,ML2021,Nicolas V Li
Henry R WilliamsML2021,ML2021,Henry R Williams
Bennett SteeleHSC2021,HSC2021,Bennett Steele
Brandon M BedestaniML2021,ML2021,Brandon M Bedestani
Aiden ThornsburyHSC2021,HSC2021,Aiden Thornsbury
Sarp B DilberML2021,ML2021,Sarp B Dilber
Darius J BajoghliHSC2021,HSC2021,Darius J Bajoghli
Charlie J PalmaHSC2021,HSC2021,Charlie J Palma
Kian A KhonsariML2021,ML2021,Kian A Khonsari
Kevin J CampbellML2021,ML2021,Kevin J Campbell
Robert O KingHSC2021,HSC2021,Robert O King
Benjamin J PalmaHSC2021,HSC2021,Benjamin J Palma
Kaelan E MonroeML2021,ML2021,Kaelan E Monroe
Robert W LuebkeML2021,ML2021,Robert W Luebke
Michael M LuebkeML2021,ML2021,Michael M Luebke
Ellison J SoobertML2021,ML2021,Ellison J Soobert
David McMichaelHSC2021,HSC2021,David McMichael
Jackson FrankelHSC2021,HSC2021,Jackson Frankel
Walter A MaullHSC2021,HSC2021,Walter A Maull
Zachary C JeannotML2021,ML2021,Zachary C Jeannot
Alejandro W PayanHSC2021,HSC2021,Alejandro W Payan
Declan GhazalHSC2021,HSC2021,Declan Ghazal
Isaiah J CollazoHSC2021,HSC2021,Isaiah J Collazo
George M WilliamsML2021,ML2021,George M Williams
Berk D DilberML2021,ML2021,Berk D Dilber
Samuel HernandezHSC2021,HSC2021,Samuel Hernandez
Ryan FlickingerHSC2021,HSC2021,Ryan Flickinger
Cayden A FrantzML2021,ML2021,Cayden A Frantz
Galder C MaullHSC2021,HSC2021,Galder C Maull
Matthew MACKHSC2021,HSC2021,Matthew MACK
Landon FrantzML2021,ML2021,Landon Frantz
Quyen Q NguyenHSC2021,HSC2021,Quyen Q Nguyen
Avery W KuhnHSC2021,HSC2021,Avery W Kuhn
Rowan D FrewML2021,ML2021,Rowan D Frew
Anthony M BowersHSC2021,HSC2021,Anthony M Bowers
Atticus T GoreML2021,ML2021,Atticus T Gore
Cash W DusinaML2021,ML2021,Cash W Dusina
Micah T WegnerHSC2021,HSC2021,Micah T Wegner
Mason H MillerHSC2021,HSC2021,Mason H Miller
Lennox J McDowellML2021,ML2021,Lennox J McDowell
Charlie T DusinaML2021,ML2021,Charlie T Dusina
Jerron L HoffmanHSC2021,HSC2021,Jerron L Hoffman
Cameron KuhnHSC2021,HSC2021,Cameron Kuhn
Niall P DoranML2021,ML2021,Niall P Doran
Declan O'RourkeML2021,ML2021,Declan O'Rourke
Jack P FordeML2021,ML2021,Jack P Forde
Ryan M CampbellML2021,ML2021,Ryan M Campbell
Ryan B BradshawHSC2021,HSC2021,Ryan B Bradshaw
Elijah R GoldML2021,ML2021,Elijah R Gold
Zachary J EllisML2021,ML2021,Zachary J Ellis
Bert C VanegasML2021,ML2021,Bert C Vanegas
Samuel FrankelHSC2021,HSC2021,Samuel Frankel
Janni (Ian) W WeeksHenry M WeeksCash W DusinaZachary C JeannotML2021,ML2021,Janni (Ian) W WeeksHenry M WeeksCash W DusinaZachary C Jeannot
Alejandro W PayanConnor BlaneyDeclan GhazalColin KassHSC2021,HSC2021,Alejandro W PayanConnor BlaneyDeclan GhazalColin Kass
Bennett SteeleZaidan GhazalCharlie J PalmaDavid McMichaelHSC2021,HSC2021,Bennett SteeleZaidan GhazalCharlie J PalmaDavid McMichael
Henry R WilliamsJanni (Ian) W WeeksKian A KhonsariRobert W LuebkeML2021,ML2021,Henry R WilliamsJanni (Ian) W WeeksKian A KhonsariRobert W Luebke
Isaiah J CollazoAlex KimZaidan GhazalJacob RossHSC2021,HSC2021,Isaiah J CollazoAlex KimZaidan GhazalJacob Ross
George M WilliamsBilly D CostelloJackson T HardyNicolas V LiML2021,ML2021,George M WilliamsBilly D CostelloJackson T HardyNicolas V Li
Henry R WilliamsLennox J McDowellCayden A FrantzBrandon M BedestaniML2021,ML2021,Henry R WilliamsLennox J McDowellCayden A FrantzBrandon M Bedestani
Ryan FlickingerBennett SteeleGalder C MaullAiden ThornsburyHSC2021,HSC2021,Ryan FlickingerBennett SteeleGalder C MaullAiden Thornsbury
Charlie J PalmaCameron KuhnMatthew MACKRobert O KingHSC2021,HSC2021,Charlie J PalmaCameron KuhnMatthew MACKRobert O King
Kevin J CampbellNiall P DoranDeclan O'RourkeKian A KhonsariML2021,ML2021,Kevin J CampbellNiall P DoranDeclan O'RourkeKian A Khonsari
Robert W LuebkeJack P FordeMichael M LuebkeEllison J SoobertML2021,ML2021,Robert W LuebkeJack P FordeMichael M LuebkeEllison J Soobert
Avery W KuhnJackson FrankelRyan B BradshawDavid McMichaelHSC2021,HSC2021,Avery W KuhnJackson FrankelRyan B BradshawDavid McMichael
Tatum KurpielHSC2021,HSC2021,Tatum Kurpiel
Leah E HierlmeierML2021,ML2021,Leah E Hierlmeier
Lauren O ThomasML2021,ML2021,Lauren O Thomas
Reagan E CostelloML2021,ML2021,Reagan E Costello
Sarah SteeleHSC2021,HSC2021,Sarah Steele
Chloe KrumbholzHSC2021,HSC2021,Chloe Krumbholz
Christina S LeeML2021,ML2021,Christina S Lee
Anoushka SarathyHSC2021,HSC2021,Anoushka Sarathy
Melody F SaadatHSC2021,HSC2021,Melody F Saadat
Carys M CampbellML2021,ML2021,Carys M Campbell
Sofia K EllisML2021,ML2021,Sofia K Ellis
Campbell KurpielHSC2021,HSC2021,Campbell Kurpiel
Joey E FerrisML2021,ML2021,Joey E Ferris
Kate E ShumateML2021,ML2021,Kate E Shumate
Mackenzie RossHSC2021,HSC2021,Mackenzie Ross
Aubree J LasonML2021,ML2021,Aubree J Lason
Avery G MillerHSC2021,HSC2021,Avery G Miller
Charlotte FrankelHSC2021,HSC2021,Charlotte Frankel
Morgan KassHSC2021,HSC2021,Morgan Kass
Laila J McDowellML2021,ML2021,Laila J McDowell
Taylor E BryceML2021,ML2021,Taylor E Bryce
Ridgely E NepplML2021,ML2021,Ridgely E Neppl
Sophie KimHSC2021,HSC2021,Sophie Kim
Callahan Y LissendenHSC2021,HSC2021,Callahan Y Lissenden
Natalia D RongioneML2021,ML2021,Natalia D Rongione
Anna L LaszloML2021,ML2021,Anna L Laszlo
Kaitlyn BurnsHSC2021,HSC2021,Kaitlyn Burns
Eliza J TourbafHSC2021,HSC2021,Eliza J Tourbaf
Kristin E SargentML2021,ML2021,Kristin E Sargent
Elizabeth J FrenchHSC2021,HSC2021,Elizabeth J French
Jamie S RothHSC2021,HSC2021,Jamie S Roth
Mara I KramerML2021,ML2021,Mara I Kramer
Caroline S WagerML2021,ML2021,Caroline S Wager
Ava V PayanHSC2021,HSC2021,Ava V Payan
Erin KassHSC2021,HSC2021,Erin Kass
Miah E CollazoHSC2021,HSC2021,Miah E Collazo
Laine E WisslerML2021,ML2021,Laine E Wissler
Lexi M DayoubML2021,ML2021,Lexi M Dayoub
Samantha S LiHSC2021,HSC2021,Samantha S Li
Isabelle T VanegasML2021,ML2021,Isabelle T Vanegas
Amalya M MonroeML2021,ML2021,Amalya M Monroe
Colleen BlaneyHSC2021,HSC2021,Colleen Blaney
Helena HernandezHSC2021,HSC2021,Helena Hernandez
Annie S GaoML2021,ML2021,Annie S Gao
Emerson FoutsHSC2021,HSC2021,Emerson Fouts
Camryn E CrispinML2021,ML2021,Camryn E Crispin
Victoria ValkoML2021,ML2021,Victoria Valko
Emma FlickingerHSC2021,HSC2021,Emma Flickinger
Cassandra K GoreML2021,ML2021,Cassandra K Gore
Everly R JohnstonML2021,ML2021,Everly R Johnston
Margaret J MosbyHSC2021,HSC2021,Margaret J Mosby
Lucy E PalmaHSC2021,HSC2021,Lucy E Palma
Cameron G McDowellML2021,ML2021,Cameron G McDowell
Tessa N DusinaML2021,ML2021,Tessa N Dusina
Miraya SarathyHSC2021,HSC2021,Miraya Sarathy
Georgia SteeleHSC2021,HSC2021,Georgia Steele
Natalie E ShirzadiML2021,ML2021,Natalie E Shirzadi
Ellie DesaiHSC2021,HSC2021,Ellie Desai
Jane I LipseyML2021,ML2021,Jane I Lipsey
Veronika (Nika) L WalshML2021,ML2021,Veronika (Nika) L Walsh
Hayley VaracalliHSC2021,HSC2021,Hayley Varacalli
Emily A HimesML2021,ML2021,Emily A Himes
Laila H KhonsariML2021,ML2021,Laila H Khonsari
Elizabeth S WeberML2021,ML2021,Elizabeth S Weber
Sophia MontieHSC2021,HSC2021,Sophia Montie
Ashley VaracalliHSC2021,HSC2021,Ashley Varacalli
Grace L WegnerHSC2021,HSC2021,Grace L Wegner
Natalie A ThomasML2021,ML2021,Natalie A Thomas
Addie A DayoubML2021,ML2021,Addie A Dayoub
Tess N EmanuelHSC2021,HSC2021,Tess N Emanuel
Alia M MarquardtML2021,ML2021,Alia M Marquardt
Tatum KurpielChloe KrumbholzSarah SteeleJamie S RothHSC2021,HSC2021,Tatum KurpielChloe KrumbholzSarah SteeleJamie S Roth
Leah E HierlmeierMey E DayoubLauren O ThomasReagan E CostelloML2021,ML2021,Leah E HierlmeierMey E DayoubLauren O ThomasReagan E Costello
Mackenzie RossErin KassMorgan KassEmma FlickingerHSC2021,HSC2021,Mackenzie RossErin KassMorgan KassEmma Flickinger
Joey E FerrisChristina S LeeLaila J McDowellVictoria ValkoML2021,ML2021,Joey E FerrisChristina S LeeLaila J McDowellVictoria Valko
Erin KassGeorgia SteeleAnoushka SarathyMelody F SaadatHSC2021,HSC2021,Erin KassGeorgia SteeleAnoushka SarathyMelody F Saadat
Christina S LeeCarys M CampbellNatalie A ThomasLexi M DayoubML2021,ML2021,Christina S LeeCarys M CampbellNatalie A ThomasLexi M Dayoub
Joey E FerrisIsabelle T VanegasRidgely E NepplAubree J LasonML2021,ML2021,Joey E FerrisIsabelle T VanegasRidgely E NepplAubree J Lason
Colleen BlaneySamantha S LiAvery G MillerHelena HernandezHSC2021,HSC2021,Colleen BlaneySamantha S LiAvery G MillerHelena Hernandez
Morgan KassHayley VaracalliTess N EmanuelMackenzie RossHSC2021,HSC2021,Morgan KassHayley VaracalliTess N EmanuelMackenzie Ross
Taylor E BryceLaila J McDowellAnnie S GaoKate E ShumateML2021,ML2021,Taylor E BryceLaila J McDowellAnnie S GaoKate E Shumate
Victoria ValkoKristin E SargentAnna L LaszloNatalia D RongioneML2021,ML2021,Victoria ValkoKristin E SargentAnna L LaszloNatalia D Rongione
Emma FlickingerSophia MontieKaitlyn BurnsEliza J TourbafHSC2021,HSC2021,Emma FlickingerSophia MontieKaitlyn BurnsEliza J Tourbaf
Henry CooperWC2021,WC2021,Henry Cooper
Patrick ScottWC2021,WC2021,Patrick Scott
Owen J PribleMVP2021,MVP2021,Owen J Prible
Gray BauerleinMVP2021,MVP2021,Gray Bauerlein
Gavin EubanksWC2021,WC2021,Gavin Eubanks
Taft R WhiteheadMVP2021,MVP2021,Taft R Whitehead
Lincoln JettonMVP2021,MVP2021,Lincoln Jetton
Michael PhamWC2021,WC2021,Michael Pham
Jeremiah MataWC2021,WC2021,Jeremiah Mata
Javier SalazarWC2021,WC2021,Javier Salazar
Jackson C SaloomMVP2021,MVP2021,Jackson C Saloom
Jacob A MilitoMVP2021,MVP2021,Jacob A Milito
Samuel C BruceMVP2021,MVP2021,Samuel C Bruce
Oliver PoundWC2021,WC2021,Oliver Pound
Evan Z PribleMVP2021,MVP2021,Evan Z Prible
Bennett OttoWC2021,WC2021,Bennett Otto
Rhett J ButlerMVP2021,MVP2021,Rhett J Butler
Max PoundWC2021,WC2021,Max Pound
Alexander M NorthMVP2021,MVP2021,Alexander M North
Gavin H ForeMVP2021,MVP2021,Gavin H Fore
Jack P AlzonaMVP2021,MVP2021,Jack P Alzona
Timothy WatkinsWC2021,WC2021,Timothy Watkins
Luke GoodsonWC2021,WC2021,Luke Goodson
Nathnael BelayWC2021,WC2021,Nathnael Belay
John SchaeferWC2021,WC2021,John Schaefer
Donovan R KovalskyMVP2021,MVP2021,Donovan R Kovalsky
Andrew H BakerMVP2021,MVP2021,Andrew H Baker
Jacob ParkerWC2021,WC2021,Jacob Parker
Andrei J ZaitsevMVP2021,MVP2021,Andrei J Zaitsev
Brendan ReadWC2021,WC2021,Brendan Read
Cayden FaulWC2021,WC2021,Cayden Faul
Jacob W BergerMVP2021,MVP2021,Jacob W Berger
Benjamin A CriadoMVP2021,MVP2021,Benjamin A Criado
Kevin MansuyWC2021,WC2021,Kevin Mansuy
Ryan TranWC2021,WC2021,Ryan Tran
John T RyderWC2021,WC2021,John T Ryder
Michael A BergerMVP2021,MVP2021,Michael A Berger
MarcAnthony BoydMVP2021,MVP2021,MarcAnthony Boyd
Seamus McNamaraWC2021,WC2021,Seamus McNamara
Noah A LitonjuaMVP2021,MVP2021,Noah A Litonjua
Matthew Lazo-KaserWC2021,WC2021,Matthew Lazo-Kaser
George S SchulteMVP2021,MVP2021,George S Schulte
Joe A MillsMVP2021,MVP2021,Joe A Mills
Spencer WilfordWC2021,WC2021,Spencer Wilford
John T FrenchMVP2021,MVP2021,John T French
Scott DurbinWC2021,WC2021,Scott Durbin
Colin R BaxterMVP2021,MVP2021,Colin R Baxter
Sullivan McNamaraWC2021,WC2021,Sullivan McNamara
Luca SutharMVP2021,MVP2021,Luca Suthar
Grayson PastorWC2021,WC2021,Grayson Pastor
Stefen J BoydMVP2021,MVP2021,Stefen J Boyd
Tyson C ThomasWC2021,WC2021,Tyson C Thomas
Oliver W AndersonMVP2021,MVP2021,Oliver W Anderson
Anthony J SarroMVP2021,MVP2021,Anthony J Sarro
Leonidas BessetteWC2021,WC2021,Leonidas Bessette
Liam H ForeMVP2021,MVP2021,Liam H Fore
Jackson SteiderWC2021,WC2021,Jackson Steider
Matthew J MakinMVP2021,MVP2021,Matthew J Makin
Shaan S NagdaMVP2021,MVP2021,Shaan S Nagda
Kevin ReadWC2021,WC2021,Kevin Read
Jeff GerberWC2021,WC2021,Jeff Gerber
Charlie F RuppeMVP2021,MVP2021,Charlie F Ruppe
Jack A KlopsonMVP2021,MVP2021,Jack A Klopson
James M PilandMVP2021,MVP2021,James M Piland
Alexander SotoWC2021,WC2021,Alexander Soto
Campbell SicksWC2021,WC2021,Campbell Sicks
Graham GrinnellWC2021,WC2021,Graham Grinnell
Spencer KeeneMVP2021,MVP2021,Spencer Keene
Sean D KovalskyMVP2021,MVP2021,Sean D Kovalsky
Sullivan McNamaraPatrick ScottGavin EubanksHenry CooperWC2021,WC2021,Sullivan McNamaraPatrick ScottGavin EubanksHenry Cooper
Gray BauerleinStefen J BoydTaft R WhiteheadOwen J PribleMVP2021,MVP2021,Gray BauerleinStefen J BoydTaft R WhiteheadOwen J Prible
Seamus McNamaraMichael PhamJackson SteiderJohn SchaeferWC2021,WC2021,Seamus McNamaraMichael PhamJackson SteiderJohn Schaefer
Samuel C BruceLincoln JettonAlexander M NorthDonovan R KovalskyMVP2021,MVP2021,Samuel C BruceLincoln JettonAlexander M NorthDonovan R Kovalsky
Kevin MansuyMichael PhamJeremiah MataJavier SalazarWC2021,WC2021,Kevin MansuyMichael PhamJeremiah MataJavier Salazar
Jackson C SaloomLincoln JettonOliver W AndersonJacob A MilitoMVP2021,MVP2021,Jackson C SaloomLincoln JettonOliver W AndersonJacob A Milito
Rhett J ButlerAnthony J SarroSamuel C BruceEvan Z PribleMVP2021,MVP2021,Rhett J ButlerAnthony J SarroSamuel C BruceEvan Z Prible
Max PoundSeamus McNamaraBennett OttoOliver PoundWC2021,WC2021,Max PoundSeamus McNamaraBennett OttoOliver Pound
George S SchulteMatthew J MakinAlexander M NorthGavin H ForeMVP2021,MVP2021,George S SchulteMatthew J MakinAlexander M NorthGavin H Fore
Kevin ReadJackson SteiderSpencer WilfordTimothy WatkinsWC2021,WC2021,Kevin ReadJackson SteiderSpencer WilfordTimothy Watkins
John SchaeferJeff GerberJacob ParkerBrendan ReadWC2021,WC2021,John SchaeferJeff GerberJacob ParkerBrendan Read
John T FrenchCharlie F RuppeAndrew H BakerDonovan R KovalskyMVP2021,MVP2021,John T FrenchCharlie F RuppeAndrew H BakerDonovan R Kovalsky
Emma NaingWC2021,WC2021,Emma Naing
Emily MooreMVP2021,MVP2021,Emily Moore
Elizabeth MillerMVP2021,MVP2021,Elizabeth Miller
Kaitlin EbaughWC2021,WC2021,Kaitlin Ebaugh
Ivonne ValleWC2021,WC2021,Ivonne Valle
Lauren E RudyMVP2021,MVP2021,Lauren E Rudy
Leah EubanksWC2021,WC2021,Leah Eubanks
Margaret V DriscollMVP2021,MVP2021,Margaret V Driscoll
Heidi C OttoWC2021,WC2021,Heidi C Otto
Kate BarberMVP2021,MVP2021,Kate Barber
Amelia R RyderWC2021,WC2021,Amelia R Ryder
Andrea B MoralesMVP2021,MVP2021,Andrea B Morales
Helen C MilitoMVP2021,MVP2021,Helen C Milito
Anna RyderWC2021,WC2021,Anna Ryder
Alexandra K MyersMVP2021,MVP2021,Alexandra K Myers
Josie R CowenMVP2021,MVP2021,Josie R Cowen
Alexa MansuyWC2021,WC2021,Alexa Mansuy
Lauren SmithWC2021,WC2021,Lauren Smith
Colleen ReadWC2021,WC2021,Colleen Read
Bianca MataWC2021,WC2021,Bianca Mata
Keira ArenholzWC2021,WC2021,Keira Arenholz
Samantha M CowenMVP2021,MVP2021,Samantha M Cowen
Monica B MoralesMVP2021,MVP2021,Monica B Morales
Evelyn TomblinMVP2021,MVP2021,Evelyn Tomblin
Jillian FerrariWC2021,WC2021,Jillian Ferrari
Brigid DonohoeWC2021,WC2021,Brigid Donohoe
Juliana C Skopp-CardilloMVP2021,MVP2021,Juliana C Skopp-Cardillo
Lily M PalmerinoMVP2021,MVP2021,Lily M Palmerino
Caroline G MillerMVP2021,MVP2021,Caroline G Miller
Paige C MurrayWC2021,WC2021,Paige C Murray
Alex KelloggMVP2021,MVP2021,Alex Kellogg
Lillian HansenWC2021,WC2021,Lillian Hansen
Avery WeitzWC2021,WC2021,Avery Weitz
Rianne L BohatyMVP2021,MVP2021,Rianne L Bohaty
Kaitlin MeyersWC2021,WC2021,Kaitlin Meyers
Elizabeth KelloggMVP2021,MVP2021,Elizabeth Kellogg
Alexa G SteiderWC2021,WC2021,Alexa G Steider
Lacey MurphyMVP2021,MVP2021,Lacey Murphy
Karly J WhiteheadMVP2021,MVP2021,Karly J Whitehead
Madison EbaughWC2021,WC2021,Madison Ebaugh
Heidi M SchulteMVP2021,MVP2021,Heidi M Schulte
Ella M PribleMVP2021,MVP2021,Ella M Prible
Daphne R GiddensWC2021,WC2021,Daphne R Giddens
Gabrielle MirandaWC2021,WC2021,Gabrielle Miranda
Gabrielle PhamWC2021,WC2021,Gabrielle Pham
Kendall SchottlerWC2021,WC2021,Kendall Schottler
Amelia B AdamsMVP2021,MVP2021,Amelia B Adams
Meghan E MurrayWC2021,WC2021,Meghan E Murray
Emilee FerrariWC2021,WC2021,Emilee Ferrari
Juliette H ForeMVP2021,MVP2021,Juliette H Fore
Ana NegrelliWC2021,WC2021,Ana Negrelli
Hannah MarroquinWC2021,WC2021,Hannah Marroquin
Mariana MoralesMVP2021,MVP2021,Mariana Morales
Juliet StephensMVP2021,MVP2021,Juliet Stephens
Annabelle EbaughWC2021,WC2021,Annabelle Ebaugh
Evelyn P MilitoMVP2021,MVP2021,Evelyn P Milito
Alexia KerenWC2021,WC2021,Alexia Keren
Emma BuccaMVP2021,MVP2021,Emma Bucca
Megan BuchWC2021,WC2021,Megan Buch
Abigail E LitonjuaMVP2021,MVP2021,Abigail E Litonjua
Katherine CrawfordWC2021,WC2021,Katherine Crawford
Nora A HixsonMVP2021,MVP2021,Nora A Hixson
Emily M MakinMVP2021,MVP2021,Emily M Makin
Kathleen ModderWC2021,WC2021,Kathleen Modder
Olivia J HeckMVP2021,MVP2021,Olivia J Heck
Emily R ButlerMVP2021,MVP2021,Emily R Butler
Mina BlickleyWC2021,WC2021,Mina Blickley
Emily C FayWC2021,WC2021,Emily C Fay
Charlotte A FayWC2021,WC2021,Charlotte A Fay
Julia N HimesMVP2021,MVP2021,Julia N Himes
Emily MooreLauren E RudyAlex KelloggElizabeth MillerMVP2021,MVP2021,Emily MooreLauren E RudyAlex KelloggElizabeth Miller
Emma NaingIvonne ValleHannah MarroquinKaitlin EbaughWC2021,WC2021,Emma NaingIvonne ValleHannah MarroquinKaitlin Ebaugh
Anna RyderLeah EubanksGabrielle MirandaJillian FerrariWC2021,WC2021,Anna RyderLeah EubanksGabrielle MirandaJillian Ferrari
Helen C MilitoMargaret V DriscollAbigail E LitonjuaEmily M MakinMVP2021,MVP2021,Helen C MilitoMargaret V DriscollAbigail E LitonjuaEmily M Makin
Margaret V DriscollEvelyn P MilitoKate BarberAndrea B MoralesMVP2021,MVP2021,Margaret V DriscollEvelyn P MilitoKate BarberAndrea B Morales
Leah EubanksAnnabelle EbaughHeidi C OttoAmelia R RyderWC2021,WC2021,Leah EubanksAnnabelle EbaughHeidi C OttoAmelia R Ryder
Karly J WhiteheadJosie R CowenAlexandra K MyersHelen C MilitoMVP2021,MVP2021,Karly J WhiteheadJosie R CowenAlexandra K MyersHelen C Milito
Alexa MansuyLauren SmithMadison EbaughAnna RyderWC2021,WC2021,Alexa MansuyLauren SmithMadison EbaughAnna Ryder
Gabrielle PhamKendall SchottlerGabrielle MirandaBianca MataWC2021,WC2021,Gabrielle PhamKendall SchottlerGabrielle MirandaBianca Mata
Amelia B AdamsAbigail E LitonjuaJulia N HimesSamantha M CowenMVP2021,MVP2021,Amelia B AdamsAbigail E LitonjuaJulia N HimesSamantha M Cowen
Jillian FerrariKathleen ModderMeghan E MurrayEmilee FerrariWC2021,WC2021,Jillian FerrariKathleen ModderMeghan E MurrayEmilee Ferrari
Lily M PalmerinoEmily M MakinCaroline G MillerJuliana C Skopp-CardilloMVP2021,MVP2021,Lily M PalmerinoEmily M MakinCaroline G MillerJuliana C Skopp-Cardillo
Peter BattenL2021,L2021,Peter Batten
Hugh J KeaneyCP2021,CP2021,Hugh J Keaney
Beauman M MooreCP2021,CP2021,Beauman M Moore
Logan D LaRosaL2021,L2021,Logan D LaRosa
Simon H FultonCP2021,CP2021,Simon H Fulton
Henry R SingletonL2021,L2021,Henry R Singleton
Dominic J IaciCP2021,CP2021,Dominic J Iaci
Gabriel K HamamgianCP2021,CP2021,Gabriel K Hamamgian
Landon A MillerL2021,L2021,Landon A Miller
Caleb J Cherryholmes-WesleyCP2021,CP2021,Caleb J Cherryholmes-Wesley
Bryce EatonL2021,L2021,Bryce Eaton
Matthew GillespieL2021,L2021,Matthew Gillespie
Sandro K ThorntonL2021,L2021,Sandro K Thornton
Henry A RossmanL2021,L2021,Henry A Rossman
David T BulfordL2021,L2021,David T Bulford
Chase C TaylorCP2021,CP2021,Chase C Taylor
Noah J HollarCP2021,CP2021,Noah J Hollar
Joshua E KimCP2021,CP2021,Joshua E Kim
Evan C PoulosL2021,L2021,Evan C Poulos
Daniel WuL2021,L2021,Daniel Wu
Wilson ButtzL2021,L2021,Wilson Buttz
Adam CorleyCP2021,CP2021,Adam Corley
Landon T PeckCP2021,CP2021,Landon T Peck
Jake M GilbertCP2021,CP2021,Jake M Gilbert
Zac C LeithCP2021,CP2021,Zac C Leith
Ryan DixL2021,L2021,Ryan Dix
Brendan B MullenCP2021,CP2021,Brendan B Mullen
Christopher BunnL2021,L2021,Christopher Bunn
Dillon ProxmireL2021,L2021,Dillon Proxmire
Dylan A DunnCP2021,CP2021,Dylan A Dunn
Bennett M MillerCP2021,CP2021,Bennett M Miller
Christian KimL2021,L2021,Christian Kim
Matthew S RyersonCP2021,CP2021,Matthew S Ryerson
Felix YuL2021,L2021,Felix Yu
Cordrey C RobergeL2021,L2021,Cordrey C Roberge
Ethan M JohnsCP2021,CP2021,Ethan M Johns
Truman A MooreCP2021,CP2021,Truman A Moore
Jack L SingletonL2021,L2021,Jack L Singleton
Evan DavisCP2021,CP2021,Evan Davis
Luca H SanchezL2021,L2021,Luca H Sanchez
Zachary SpillerL2021,L2021,Zachary Spiller
Enrique K UgaldeCP2021,CP2021,Enrique K Ugalde
Grant R FrickeCP2021,CP2021,Grant R Fricke
Thomas S PowellCP2021,CP2021,Thomas S Powell
Paul J MullenCP2021,CP2021,Paul J Mullen
Alejandro A WickL2021,L2021,Alejandro A Wick
Erim C OzcanL2021,L2021,Erim C Ozcan
Luca M IaciCP2021,CP2021,Luca M Iaci
Nicky J BierstineCP2021,CP2021,Nicky J Bierstine
Frederick G SpeidellCP2021,CP2021,Frederick G Speidell
Brady C QuinnL2021,L2021,Brady C Quinn
Jake A SullivanCP2021,CP2021,Jake A Sullivan
Roberto J WickL2021,L2021,Roberto J Wick
Kiran BaglaL2021,L2021,Kiran Bagla
Victor M SakranCP2021,CP2021,Victor M Sakran
Zachary K HynesCP2021,CP2021,Zachary K Hynes
Nathaniel Lee-TruesdellL2021,L2021,Nathaniel Lee-Truesdell
Connor M CorleyCP2021,CP2021,Connor M Corley
Ethan N RamchandL2021,L2021,Ethan N Ramchand
Daniel CoughlinL2021,L2021,Daniel Coughlin
Jacob DiepCP2021,CP2021,Jacob Diep
Michael F JacobsL2021,L2021,Michael F Jacobs
Gabriel M JemioL2021,L2021,Gabriel M Jemio
Tobias Lee-TruesdellL2021,L2021,Tobias Lee-Truesdell
Christian M JemioL2021,L2021,Christian M Jemio
Hugh J KeaneyVictor M SakranBeauman M MooreBennett M MillerCP2021,CP2021,Hugh J KeaneyVictor M SakranBeauman M MooreBennett M Miller
Logan D LaRosaChristian KimPeter BattenKiran BaglaL2021,L2021,Logan D LaRosaChristian KimPeter BattenKiran Bagla
Chase C TaylorDominic J IaciPaul J MullenZac C LeithCP2021,CP2021,Chase C TaylorDominic J IaciPaul J MullenZac C Leith
Luca H SanchezFelix YuEvan C PoulosRyan DixL2021,L2021,Luca H SanchezFelix YuEvan C PoulosRyan Dix
Cordrey C RobergeJack L SingletonFelix YuLandon A MillerL2021,L2021,Cordrey C RobergeJack L SingletonFelix YuLandon A Miller
Evan DavisGabriel K HamamgianEthan M JohnsDominic J IaciCP2021,CP2021,Evan DavisGabriel K HamamgianEthan M JohnsDominic J Iaci
Henry A RossmanLuca H SanchezZachary SpillerDavid T BulfordL2021,L2021,Henry A RossmanLuca H SanchezZachary SpillerDavid T Bulford
Enrique K UgaldeNoah J HollarConnor M CorleyChase C TaylorCP2021,CP2021,Enrique K UgaldeNoah J HollarConnor M CorleyChase C Taylor
Alejandro A WickEvan C PoulosDaniel WuWilson ButtzL2021,L2021,Alejandro A WickEvan C PoulosDaniel WuWilson Buttz
Nicky J BierstineAdam CorleyPaul J MullenLuca M IaciCP2021,CP2021,Nicky J BierstineAdam CorleyPaul J MullenLuca M Iaci
Zac C LeithDylan A DunnFrederick G SpeidellBrendan B MullenCP2021,CP2021,Zac C LeithDylan A DunnFrederick G SpeidellBrendan B Mullen
Christopher BunnDaniel CoughlinRyan DixDillon ProxmireL2021,L2021,Christopher BunnDaniel CoughlinRyan DixDillon Proxmire
Cameron E RoehrigCP2021,CP2021,Cameron E Roehrig
Maria Alexandrova-BaileyL2021,L2021,Maria Alexandrova-Bailey
Nora A BursteinCP2021,CP2021,Nora A Burstein
Adeline R VanderbeekCP2021,CP2021,Adeline R Vanderbeek
Charlotte GavenmanL2021,L2021,Charlotte Gavenman
Avery BattenL2021,L2021,Avery Batten
Sophie S LiL2021,L2021,Sophie S Li
Evelyn VolovarL2021,L2021,Evelyn Volovar
Amiya BaglaL2021,L2021,Amiya Bagla
Anna K KosowskiCP2021,CP2021,Anna K Kosowski
Janna B RyersonCP2021,CP2021,Janna B Ryerson
Juliet R SwaseyCP2021,CP2021,Juliet R Swasey
Anna J HelmsCP2021,CP2021,Anna J Helms
Sophie G PowellCP2021,CP2021,Sophie G Powell
Virginia StricklandL2021,L2021,Virginia Strickland
Jenny S LiL2021,L2021,Jenny S Li
Elisabeth MillerL2021,L2021,Elisabeth Miller
Evelyn R FultonCP2021,CP2021,Evelyn R Fulton
Marina WatsonL2021,L2021,Marina Watson
Caitlin M GrossCP2021,CP2021,Caitlin M Gross
Abigail K WhelanCP2021,CP2021,Abigail K Whelan
Lilliana M UgaldeCP2021,CP2021,Lilliana M Ugalde
Isabella S Lee-TruesdellL2021,L2021,Isabella S Lee-Truesdell
Hazel A CalwayL2021,L2021,Hazel A Calway
Katherine P HelmsCP2021,CP2021,Katherine P Helms
Caroline M MullenCP2021,CP2021,Caroline M Mullen
Izzy SchoneL2021,L2021,Izzy Schone
Kira N ThorntonL2021,L2021,Kira N Thornton
Maddie C PowellCP2021,CP2021,Maddie C Powell
Lilly HusseinL2021,L2021,Lilly Hussein
Sophia Alexandrova-BaileyL2021,L2021,Sophia Alexandrova-Bailey
Julia M KosowskiCP2021,CP2021,Julia M Kosowski
Rose K PetreCP2021,CP2021,Rose K Petre
Brooke T HodgeL2021,L2021,Brooke T Hodge
Marina B MillerL2021,L2021,Marina B Miller
Valentina L DavisCP2021,CP2021,Valentina L Davis
Divya I PaiL2021,L2021,Divya I Pai
Evelyn L CunninghamL2021,L2021,Evelyn L Cunningham
Ashley M McTigueCP2021,CP2021,Ashley M McTigue
Christy S LiL2021,L2021,Christy S Li
Grace S YuanL2021,L2021,Grace S Yuan
Tessa JonesL2021,L2021,Tessa Jones
Hannah DiepCP2021,CP2021,Hannah Diep
Cleia JonesL2021,L2021,Cleia Jones
Paige A PoulosL2021,L2021,Paige A Poulos
Katarzyna A NelsonCP2021,CP2021,Katarzyna A Nelson
Kate WalterL2021,L2021,Kate Walter
Rose R ChamberlainCP2021,CP2021,Rose R Chamberlain
Helena SwaakL2021,L2021,Helena Swaak
Cynthia I RozyckiCP2021,CP2021,Cynthia I Rozycki
Teagan K JohnsCP2021,CP2021,Teagan K Johns
Eleena M ManserCP2021,CP2021,Eleena M Manser
Leah G PounderCP2021,CP2021,Leah G Pounder
Nina E WysockiCP2021,CP2021,Nina E Wysocki
Kelsey F DavisCP2021,CP2021,Kelsey F Davis
Savannah B HarrisCP2021,CP2021,Savannah B Harris
Casey M TasberL2021,L2021,Casey M Tasber
Kayley G DavisCP2021,CP2021,Kayley G Davis
Maryn FeehsCP2021,CP2021,Maryn Feehs
Liliana SchoneL2021,L2021,Liliana Schone
Eliana M IaciCP2021,CP2021,Eliana M Iaci
Cassandra D LaneCP2021,CP2021,Cassandra D Lane
Mackenzie J HodgeL2021,L2021,Mackenzie J Hodge
Mia G MillerCP2021,CP2021,Mia G Miller
Sophia M RozyckiCP2021,CP2021,Sophia M Rozycki
Chloe H KowalczykL2021,L2021,Chloe H Kowalczyk
Cameron E RoehrigRose K PetreJulia M KosowskiCynthia I RozyckiCP2021,CP2021,Cameron E RoehrigRose K PetreJulia M KosowskiCynthia I Rozycki
Charlotte GavenmanMaria Alexandrova-BaileyMarina B MillerSophia Alexandrova-BaileyL2021,L2021,Charlotte GavenmanMaria Alexandrova-BaileyMarina B MillerSophia Alexandrova-Bailey
Virginia StricklandSophie S LiMarina WatsonLiliana SchoneL2021,L2021,Virginia StricklandSophie S LiMarina WatsonLiliana Schone
Anna J HelmsAnna K KosowskiCaitlin M GrossKatherine P HelmsCP2021,CP2021,Anna J HelmsAnna K KosowskiCaitlin M GrossKatherine P Helms
Mackenzie J HodgeSophie S LiDivya I PaiEvelyn VolovarL2021,L2021,Mackenzie J HodgeSophie S LiDivya I PaiEvelyn Volovar
Ashley M McTigueTeagan K JohnsJuliet R SwaseyJanna B RyersonCP2021,CP2021,Ashley M McTigueTeagan K JohnsJuliet R SwaseyJanna B Ryerson
Sophie G PowellKelsey F DavisAnna J HelmsEvelyn R FultonCP2021,CP2021,Sophie G PowellKelsey F DavisAnna J HelmsEvelyn R Fulton
Christy S LiVirginia StricklandElisabeth MillerJenny S LiL2021,L2021,Christy S LiVirginia StricklandElisabeth MillerJenny S Li
Caitlin M GrossNina E WysockiSavannah B HarrisAbigail K WhelanCP2021,CP2021,Caitlin M GrossNina E WysockiSavannah B HarrisAbigail K Whelan
Tessa JonesPaige A PoulosMarina WatsonIsabella S Lee-TruesdellL2021,L2021,Tessa JonesPaige A PoulosMarina WatsonIsabella S Lee-Truesdell
Katherine P HelmsMaddie C PowellKatarzyna A NelsonCaroline M MullenCP2021,CP2021,Katherine P HelmsMaddie C PowellKatarzyna A NelsonCaroline M Mullen
Izzy SchoneLiliana SchoneKate WalterKira N ThorntonL2021,L2021,Izzy SchoneLiliana SchoneKate WalterKira N Thornton
